closure_start,closure_end,has_reopening_time,postId,URL,is_wb,is_eb,text
2017-02-22 02:56:34+00:00,2017-02-22 05:25:00+00:00,True,1870375769841052,https://www.facebook.com/photo/?fbid=1870375769841052&set=a.243396597979226,1,1,"Traffic Alert:

I-80 remains closed at this hour. 

Westbound is closed at the Nevada State Line. 

Eastbound is closed in Colfax. 

Wish we had better information for everyone, but the freeway will not open until conditions improve. 

Photo: SR-267 at Northstar."
2017-02-22 05:25:26+00:00,,False,1870415996503696,https://www.facebook.com/chp.truckee/posts/pfbid0qPt69R4vJH5MKULuoML6tCNkHbaKs7zHXxK7wYB99cHiZGT9sxABK8kbQXB3gQbXl,1,1,"Looking for a Silver Lining?

I-80 eastbound has just reopened to passenger vehicles only. 

I-80 eastbound is still closed to trucks. 

I-80 westbound is still completely closed. 

Chain Control :

I-80 eastbound is R2 Drum Forebay to the Nevada State Line. 

Drive safely."
2017-02-22 06:12:23+00:00,,False,1870431523168810,https://www.facebook.com/chp.truckee/posts/pfbid0QH8Nv2fAmpaQdteMvuYrr9Fc4ZYK2A272fqChtVPyWtwY7DTMsG4cya9Wj46LXZyl,1,1,"Traffic Update:

I-80 eastbound is now open to passenger vehicles and trucks. However, trucks pulling double trailers are still being turned. 

I-80 westbound is still completely closed. 

Chain Control :

I-80 eastbound is R2 Drum Forebay to the Nevada State Line. 

Drive safely."
2017-02-22 07:17:22+00:00,,False,1870444416500854,https://www.facebook.com/chp.truckee/posts/pfbid029VAvhQvSELzSPdbBLftSMXJoBWPpN4eBN2ZDVfAEbcB2ER48g79EkMNbS35hf6nWl,1,1,"Good News! 

Well mostly good news!

I-80 westbound has now reopened. 

I-80 westbound will remained closed to trucks for now. 

Chain Control:

I-80 is R2 Drum Forebay to the Nevada State Line in both directions. 

Eastbound only trucks are Maximum. 

Westbound still closed for trucks only."
2017-02-22 21:10:52+00:00,,False,1870697039808925,https://www.facebook.com/chp.truckee/posts/pfbid03rCTV5nTxqiNjxicpBCi9CoEDqvjSNCwCzgea2uHjSVZye9AJMRniQv2D7K7oz4Kl,1,1,"Ever just completely whiff the exit?

Chain Control:

I-80 no controls. 

SR-89 is R2 Picketts to US-50. 
R1 Bliss State Park to Truckee. 
R1 Truckee to Plumas County. 

SR-267 no controls. 

SR-28 no controls. 

US-50 is R2 Twin Bridges to Meyers. 

SR-20 no controls. 

SR-88 is R2 Peddler Vista to Martins Meadow. 
*Carson Spur is still closed."
2017-03-04 00:57:16+00:00,,False,1874257006119595,https://www.facebook.com/chp.truckee/posts/1874257006119595,0,0,"Traffic Alert for tomorrow March 4th:

The 36th Annual Tahoe City SnowFest! Parade is scheduled to take place on Saturday March 4th, between 11:30am and 12:30pm along North Lake Boulevard.

Motorists should be aware that North Lake Boulevard will be closed between Safeway at the Lighthouse Shopping Center, and the ‚ÄúY‚Äù. Detour routes will not be available.

The road closure is scheduled to be lifted, and the road re-opened at 12:30pm.

For more information visit: tahoesnowfest.org."
2017-03-05 06:52:06+00:00,2017-03-05 22:27:00+00:00,True,1874764276068868,https://www.facebook.com/chp.truckee/posts/pfbid02aXtJCY3dF54U3NPtGofyAxbbyhfjebRF9FdUsYY7ZbmjMvfaKSWR6UTwnFErZ8esl,1,1,"Traffic Alert:

I-80 is currently closed from the Nevada State Line to Colfax in both directions, due to extremely poor visibility and high winds. 

Use an alternate route.

SR-89 is R2 Picketts Junction to US-50. 
R1 Bliss State Park to Tahoma. 
R1 Truckee to the Plumas County Line. 

SR-267 is R2 Kings Beach to Northstar. 
R1 Northstar to Truckee. 

SR-20 is R2 Washington Rd to I-80. 

US-50 is R2 Kyburz to Meyers. 

SR-88 is R2 Peddler vista to Red Lake Creek."
2017-03-05 15:35:23+00:00,2017-03-05 22:27:00+00:00,True,1874902796055016,https://www.facebook.com/photo/?fbid=1874902796055016&set=a.243396597979226,1,1,"The song remains the same. 

I-80 is Still closed from the Nevada State Line to Colfax in both directions. 

It will not reopen until conditions improve. 

SR-89 is R2 Markleeville to Woodfords. 
R2 Picketts Junction to US-50. 
R1 Bliss State Park to Truckee. 
R1 Truckee to the Plumas County Line. 

SR-267 is R2 Kings Beach to Northstar. 

SR-28 is R1 state Line to Tahoe City. 

US-50 is R2 Placerville to Meyers. 

SR-88 is R2 Dew Drop to Paynesville. 

SR-20 is closed except for local traffic between Nevada City and I-80."
2017-03-05 16:33:32+00:00,2017-03-05 22:27:00+00:00,True,1874931079385521,https://www.facebook.com/photo/?fbid=1874931079385521&set=a.243396597979226,1,1,"It's deep out there. 

This picture was taken on I-80 right by the hospital in Truckee. 

I-80 remains closed this morning. It will reopen as conditions improve but for the time being it's closed."
2017-03-05 17:53:20+00:00,2017-03-05 22:27:00+00:00,True,1874961526049143,https://www.facebook.com/chp.truckee/posts/pfbid02ve2jnd76NmEE4EtM2Vo51a9DfE9TiLNZK3uH2vXXJgXvg5LHxwwiZxUQA1Nhimqpl,0,0,"80 closed?

Yup still closed!"
2017-03-06 12:56:30+00:00,2017-03-06 22:03:00+00:00,True,1875302362681726,https://www.facebook.com/chp.truckee/posts/pfbid08wHRph5WREn1FJazuw5dHrqgXNHyM5sZfFumDsAGWaCFhjcy3gLoT15FDtj7LTe6l,1,1,"Traffic Alert.

I-80 has just closed. 

I-80 is closed from the Nevada State Line to Colfax in both directions due to poor visibility and traction issues. 

SR-20 is also closed at this hour."
2017-03-06 15:38:21+00:00,,False,1875351192676843,https://www.facebook.com/chp.truckee/posts/pfbid02jNjdrGHGsDAaqX6xM41SKz5ixosuzwttXWDTEHDA6g788bmd8WQhh4YPm26C6vYXl,1,1,"Shift started early for day shift this morning as the dig out begins. 

I-80 remains closed this morning from the Nevada State Line to Applegate in both directions. 

We will keep you up to date as things changes."
2017-03-06 22:03:17+00:00,,False,1875475792664383,https://www.facebook.com/photo/?fbid=1875475792664383&set=a.243396597979226,1,1,"Traffic Alert:

I-80 eastbound has reopened to all traffic. 
R2 Drum Forebay to Truckee. 
Trucks are Maximum. 

Still holding single screw trucks and trucks pulling double trailers. 

I-80 westbound is still closed."
2017-03-10 21:28:11+00:00,,False,1877239119154717,https://www.facebook.com/chp.truckee/posts/pfbid02WFeiX7AzuAS86q5kr8tpEQsFitujkDV6Z4Rrkrhri2vc9crGZB2fNkpFt7NUauDCl,0,0,"Traffic Alert:

SR-89 has closed through Emerald Bay due to an earlier avalanche. The gates have been closed. 

If trying to go North to South or South to North you will have to take the East Shore. 

Drive safely."
2017-03-24 21:34:50+00:00,2017-03-24 22:51:00+00:00,True,1883659021846060,https://www.facebook.com/photo/?fbid=1883659021846060&set=a.243396597979226,1,1,"Traffic Alert:

I-80 eastbound is closed at Drum Forebay. 

Chain Control: 

I-80 is R2 Drum Forebay to Donner Lake Rd in both directions. 

Trucks are maximum. 

US-50 twin bridges to Meyers. 

SR-20 is R2 Danas to 80. 

SR-88 is R2 Peddler Vista to Lumber Yard. 
R2 Silver Lake to Red Lake Creek. 

Drive safely."
2017-04-13 21:28:55+00:00,2017-04-13 22:38:00+00:00,True,1893789474166348,https://www.facebook.com/chp.truckee/posts/pfbid032dD9A93jVzxy87mzizdURS6pjc4krBTviY859hovAYHPV272qFQHx8WKAKPW2yDEl,1,1,"Traffic Alert:

I-80 is currently closed in both directions. 

Westbound is closed at Truckee. 

Eastbound is closed at Nyack."
2017-04-14 03:56:19+00:00,2017-04-14 13:36:00+00:00,True,1893893084155987,https://www.facebook.com/photo/?fbid=1893893084155987&set=a.243396597979226,1,1,"That's all folks!

I-80 is now closed to all traffic due to white out conditions. 

Westbound is closed at the Nevada State Line. 

Eastbound is closed at Colfax. 

Locals and local employees to the area are being permitted with valid proof of residency or employment."
2017-05-01 14:49:21+00:00,,False,1901660466712582,https://www.facebook.com/chp.truckee/posts/pfbid0Scz789Yofg9tqkLSFcHbEioA7tHHwaj9oSZd5K4VbzCwpC1fMgNwrkZf2GohiA2Jl,1,0,"Traffic Alert:

I-80 westbound is closed at SR-174 due to a big rig fire and diesel spill. 

Unknown estimate for re-opening the highway. 

Currently CHP ‚Äì Gold Run is having traffic exit at SR-174 and re-entering the highway. 

Drive carefully and expect delays."
2017-05-01 17:38:26+00:00,,False,1901714103373885,https://www.facebook.com/chp.truckee/posts/1901714103373885,1,0,Update from CHP ‚Äì Gold Run on the closure of I-80 westbound at SR-174.
2017-05-11 18:18:31+00:00,,False,1905643162980979,https://www.facebook.com/photo/?fbid=1905643162980979&set=a.243396597979226,0,0,"Traffic Alert:

Currently SR-89 is closed north of Squaw Valley due to a major injury collision. 

Avoid the area if possible. Expect delays."
2017-05-12 21:40:42+00:00,,False,1906112059600756,https://www.facebook.com/chp.truckee/posts/pfbid02JT81fYrY3HnHRj86F2PGbhRnBopiQB6fsxjAH4V3dFJ1SiURdecqnSjSFj4bdMngl,1,1,"Traffic Alert:

I-80 eastbound, east of Farad has been shut down due to a traffic accident involving an overturned Tractor Trailer and an overturned pickup.

I-80 westbound is also closed at this time as emergency vehicles are having to respond wrong way to the scene.

Eastbound traffic is being turned at Hirschdale.  Westbound is being turned at Gold Ranch."
2017-05-17 21:25:48+00:00,,False,1908126616065967,https://www.facebook.com/chp.truckee/posts/pfbid02L4Vjxq9qo8zWqPCJqXvrtpeiy34qPiGUn7ErJAXfNzCp2rLvXW9h8om2EhiSvsXHl,0,1,"Traffic Alert:

I-80 eastbound is currently closed at Overland Trail to all traffic. For a Police investigation. 

Currently all vehicles are being detoured onto SR-267 south to SR-28 eastbound to Mount Rose Highway. Expect significant delays. 

This will be an extensive closure. We will provide more information as it becomes available."
2017-05-22 19:52:58+00:00,,False,1909993415879287,https://www.facebook.com/photo/?fbid=1909993415879287&set=a.243396597979226,1,0,"Blue Skies, warm days and long lines at Safeway, we skipped Spring and went straight to Summer. 

Traffic is extremely slow today I-80 westbound, from the Nevada State Line to Truckee. Expect significant delays. 

Further, Give yourself some extra time this week getting around as there are lots of roadway construction jobs going on. 

The westbound onramps from Donner Pass Rd at the Rec Center and SR-267 will be closed Tuesday and Wednesday. 

Drive safely out there."
2017-10-02 13:33:46+00:00,,False,1964828150395813,https://www.facebook.com/chp.truckee/posts/pfbid0N8C4zBEzipQnb5krEQZLPJjs2vLpPDFfKFaQxb5z73sJg9XbKAopoWGEACHb9AwKl,1,1,"Traffic Alert:

The offramps for I-80 eastbound and westbound at SR-89 south are closed today.

Use Central Truckee or Donner Pass Rd."
2017-10-03 14:44:28+00:00,,False,1965172283694733,https://www.facebook.com/chp.truckee/posts/pfbid02i1tMTwMzaqSoKR8cTDK9ofsw1SAWipiLUwxryi9Frw1sxA2VzeAWBNQ8DkqYeT29l,1,1,"Traffic Alert:

The Donner Pass Rd on-ramp (by the rec center) as well as the SR-267 on ramp to westbound I-80 are closed today. 

Also the on and off ramps at SR-89 south to I-80 eastbound and westbound are closed and expect delays through the SR-89 south round a bouts as well. 

You will have to use Donner Park or Central Truckee."
2017-11-28 16:10:15+00:00,,False,1987493404795954,https://www.facebook.com/chp.truckee/posts/pfbid027YFQK6Aa92DAie9CHEKo1JmVw7y6g8qGJzEdMscz7cKdUbmNaopsBXtdtBEBdm2rl,1,0,"Caltrans is alerting motorists that lane and highway closures on area freeways will be required to replace an overhead changeable message sign with new ‚ÄúAdvanced Variable Message Sign‚Äù or AVMS. The new sign will be installed in the following location:

Interstate 80 westbound ‚Äì Truckee ‚Äì Donner Pass Road/Hwy 89

Sign Replacement will be tonight, Tuesday November 28th, from midnight to 4 a.m. Wednesday on westbound Interstate 80 in Truckee between Hwy 89 and the Donner Pass Road.

Motorists are encouraged to plan ahead for delays or use alternate routes. California Highway Patrol officers will be escorting traffic through the full closures using rolling blocks of traffic with full closures anticipated to be less than 30 minutes.

The new AVMS signs have increased energy efficiency, offer more options for messaging and offer higher visibility to provide motorists with real-time information for safe and efficient travel."
2017-12-07 01:09:52+00:00,,False,1990865307792097,https://www.facebook.com/chp.truckee/posts/pfbid0pB1ChtFBnaB2KSKMNQz4FXKm38wx1YGAg3VBcCGbzUBwK62bonxUxAxD3JWE3R7fl,0,1,"Traffic Alert:

Expect Delays;
I-80 eastbound, east of Soda Springs.  The left hand lanes are closed due to a major injury collision. 

The right hand lane (#3) is still open however traffic is slow going."
2018-01-13 16:13:17+00:00,,False,2005838702961424,https://www.facebook.com/chp.truckee/posts/pfbid02pdS3Jwdarn2bP4DRCsmYPMMYt21ZFZEDP7iAd5MmTo8wahDYUcRr4G5Kri1Kf1Ecl,1,1,"Traffic Alert:

SR-267 is closed in both directions at Highlands View due to a major injury vehicle accident. 

Right now there is no estimated time of reopening the roadway. 

Use SR-89 to get to or from North Lake Tahoe."
2018-01-13 16:33:40+00:00,,False,2005844376294190,https://www.facebook.com/chp.truckee/posts/pfbid02Jhs9n9PDD4aQNGZQpVxb3YDVbyHuEtm34knD3MvHmMbFXjgkzVteBkngKmEVoftkl,0,0,"Traffic Alert Update:

SR-267 remains closed at Highlands View. 

If trying to access Northstar you may still do so from Truckee. 

We are hoping to have the Northbound lane of SR-267 open shortly."
2018-01-30 16:40:31+00:00,2018-01-30 17:40:00+00:00,True,2013089698902991,https://www.facebook.com/chp.truckee/posts/pfbid0sDvarCv5k4hFUqEocPWkVhZoYYaeq3h1g4QscPrBL8CTnzBbfwNHNKP6ahn99wRLl,1,0,"Traffic Alert:

I-80 westbound, west of the Nevada State Line is going to be a slow go this morning due to a property damage only collision. 

A truck carrying windshields overturned leading to a bit of mess out there. 

The right hand lane will be closed until we can get it cleaned up."
2018-01-31 19:01:20+00:00,,False,2013555852189709,https://www.facebook.com/chp.truckee/posts/pfbid034MTu8xFjuQiTdVLM5NZXhy6Tid6486obm9j9H9GB6EL8gTe3rQZ6V55CAV3EUBnnl,1,1,"Traffic Alert:

CHP ‚Äì Gold Run has SR-20 closed just north of I-80 due to a a Head on collision and a fire. 

Use an alternate route. 

Unknown estimated time of reopening SR-20."
2018-02-01 04:04:53+00:00,,False,2013704728841488,https://www.facebook.com/chp.truckee/posts/pfbid021NhH1ZASeyRZEuxzAvKNk3p2uNDmWBCu5RNDui5U5P5FiFGydPp3tMBKfqoVM6f1l,0,0,"Traffic Alert:

The closure on SR-20 will continue through the night. No estimated time of reopening. 

Use an alternate route. 

https://www.facebook.com/permalink.php?story_fbid=1588085361228745&id=616479588389332"
2018-02-01 15:07:11+00:00,,False,2013887845489843,https://www.facebook.com/chp.truckee/posts/pfbid0nMWQMLozpabzqFVkBfXvpF8VcURWMFa8azVY8mQJa3Mti1PawNM2mbQjm1DsqmgSl,1,1,"Traffic Update:

SR-20 Remains closed this morning between I-80 and Bear Valley due to a major accident and investigation from yesterday.  

Use an alternate route!"
2018-02-07 20:29:06+00:00,,False,2016466345231993,https://www.facebook.com/chp.truckee/posts/pfbid0uHcrQL75EeRZZJkZrorBpBqnwS1KE8v3NCTBCePaTiPmuykeXiCrhrWkAEXQKaZ8l,1,0,Oopsie! If you are headed over the summit westbound on I-80 near Kingvale you might have a slight delay. The team is trying to get the road open ASAP. The slow lane will be closed until the magic happens. Make sure you have a full tank of patience!
2018-02-19 01:36:13+00:00,2018-02-19 03:00:00+00:00,True,2021358421409452,https://www.facebook.com/chp.truckee/posts/pfbid0aKyvwfgMUz6VnbXFeC3wuxbd4zc4hJUfgnMvFfLoTPWz5iZeUWkACPHJ7snbNw2El,1,1,"Traffic Alert:

Currently traffic is being held on I-80.

Traffic is being turned I-80 eastbound at Kingvale and westbound I-80 at Donner Lake Rd. 

We will let you know as we are able to get traffic rolling again."
2018-02-19 02:07:31+00:00,2018-02-19 03:00:00+00:00,True,2021366244742003,https://www.facebook.com/chp.truckee/posts/pfbid02JLExYnJjYxBPQygDcPN2yXJSf1UZeAjFgjNrXYxyMeRo3CvGVS362BimRmC9chbXl,1,1,"Chain Control Update:

I-80 is still closed. However when it does reopen I-80 will be R2 Drum Forebay to Truckee in both directions. 

Trucks are maximum. 

SR-89 is R2 Pickett‚Äôs Junction to US-50. 
R1 Bliss State Park to Sugar Pine State Park. 
R1 Truckee to Plumas County Line. 

US-50 is R2 Meyers to Twin Bridges. 

SR-20 is R2 Vista to I-80. 

Drive safely."
2018-03-01 19:19:17+00:00,2018-03-01 22:38:00+00:00,True,2026153634263264,https://www.facebook.com/chp.truckee/posts/pfbid0e5kJFncxeu3FPiEZxWY2miXbMQWHaEdgsbgXQwnaMPLJzjCgSCrZzowhRa4eihgnl,1,1,"Well, We didn‚Äôt lie. 

I-80 is CLOSED in both directions due to white out conditions. 

Eastbound traffic is being turned at Alta. 

Westbound traffic is being turned in Truckee. 

We will keep you posted as conditions change and when the road re-opens."
2018-03-01 21:59:26+00:00,,False,2026214617590499,https://www.facebook.com/chp.truckee/posts/pfbid0J5cEir56anE6SR9Vh1jH8K7QhqxaYk5eSX6aH6DQTemdhSDZj1PWJM7pyWsnG5yXl,1,1,"Nice one Brother!

The road is about 40‚Äô back up that hill! üòÇ

In all seriousness glad no one was hurt. 

However SR-89 will now be closed from Tahoe City to Alpine Meadows in both directions as we have the tow extracting the vehicle. 

Use an alternate route."
2018-03-01 22:38:48+00:00,,False,2026228610922433,https://www.facebook.com/chp.truckee/posts/pfbid02eoaEQBnUnexHpMwefKFQPCTsEM8iG4Kc54ABEUoWMRCTQeYDiBFEvqixs7fqMKZzl,1,1,"Traffic Update:

I-80 westbound and eastbound, will be opening to passenger vehicle traffic only.  

Tractor Trailers still being held at State line for westbound traffic and Colfax for eastbound traffic."
2018-03-02 06:42:50+00:00,,False,2026371930908101,https://www.facebook.com/chp.truckee/posts/pfbid0otd5HV2zXhMaF1yyBHCMD6RkUvpGAxWzjcYFAkUPCLVHwht4kAiAhyJuMCbegnF3l,1,1,"Chain Control Update 10:30 PM. 

I-80 is R2 The Nevada State Line to Drum Forebay in both directions. 

Trucks are Maximum. 

Old Hwy 40/ Donner Pass Rd between Truckee and Sugar Bowl is closed. 

SR-89 is R2 Markleeville to Woodfords. 
R2 Pickett‚Äôs to US-59. 
R1 Bliss State Park to Truckee. 
R2 Sierra Co Line to Sierraville. 
R1 Sierravillle to the Plumas Co Kine. 

SR-267is R1 Truckee to Northstar. 
R2 Northstar to Kings. 

SR-28 is R1 Tahoe City to Nevada State Kine. 

SR-20 is R1 Washingtons To I-80. 

Sr-88 is R2 Dew Drop to Woodfords. 

US-50 is R2 Kyburz to Meyers."
2018-03-02 14:22:57+00:00,,False,2026572894221338,https://www.facebook.com/chp.truckee/posts/pfbid0PSXfZqoTem7sY8RfFpSPiDT5DVd8RLTHbtfEHefyJHrZeJz7au2ipVHQRBR5VBfAl,1,1,"Chain Control Update 8:20 am

I-80 is R2 The Nevada State Line to Alta in both directions. 

Trucks are Maximum. 

SR-89 is R2 Markleeville to Woodfords. 
R2 Pickett‚Äôs to US-50. 
R1 Bliss State Park to Hobart Mills. 
R2 Hobart mills to Plumas County Line. 

SR-267 is R2 Truckee to Kings Beach. 

SR-28 is R2 Tahoe City to Nevada State Line. 

SR-20 is R2 Nevada City to I-80. 

Sr-88 is Closed form Paynesville to Pickett‚Äôs for avalanche control. 

US-50 is R2 Sawmill to Meyers."
2018-03-02 20:14:41+00:00,,False,2026698424208785,https://www.facebook.com/chp.truckee/posts/pfbid02nHnxRzcPz85uQoeV9fVGxBqCkETcNzNduMg2gYLdXksyRNiFgCRucPAos7fckxpAl,1,1,"Chain Control Update 12:10 pm:

I-80 is R2 Truckee to Alta in both directions. 

Trucks are Maximum. 

SR-89 is R2 Markleeville to Woodfords. 
R2 Pickett‚Äôs to US-50. *Emerald Bay is Closed
R1 Bliss State Park to Hobart Mills. 
R1 Hobart mills to Plumas County Line. 

SR-267 no controls. 

SR-28 is R1 Tahoe City to Nevada State Line. 

SR-20 is R2 Vista to I-80. 

Sr-88 is R2 Cooks Station to Crystal Springs. 

US-50 is R2 Fred‚Äôs place to Meyers."
2018-03-02 23:06:40+00:00,,False,2026747257537235,https://www.facebook.com/chp.truckee/posts/pfbid0KtLkGSW4jCmjkDENCUQN1xswb9x59xPr7hP3K5te7fCz2RPnD7q3VK853PqcTgqPl,1,1,"Chain Control Update: 3:55 pm

I-80 is R2 Drum Forebay to Hirschdale in both directions. 

Trucks are Maximum. 

SR-89 is R2 Pickett‚Äôs Junction to US-50. 
R1 Bliss State Park to Tahoma. 
Emerald Bay is closed. 
R1 Truckee to Hobart Mills. 
R2 Sierra County Line to Sierraville. 

SR-267 no controls. 

SR-28 no controls. 

SR-20 is R2 Washington rd to I-80. 

US-50 is R2 Kyburz to Meyers. 

SR-88 is closed over Carson Spur
R2 Dew Drop to Woodfords. 

Drive safely."
2018-03-03 03:07:35+00:00,,False,2026812367530724,https://www.facebook.com/chp.truckee/posts/pfbid0wEu7wLLuHA3utL563t9Hzqr6TxtMXnGg2376cGhmZrB8bniWZAbSxqosy9XCMd5l,1,1,"Chain Control Update: 7:00 pm

I-80 is R2 Nevada State Line to Colfax in both directions. 

Trucks are Maximum. 

Caltrans is turning all eastbound traffic currently due to multiple collisions. 

SR-89 is R2 Markleeville to The closed gate at Emerald Bay. 
R1 Bliss State Park to Squaw Valley. 
R1 Truckee to Hobart Mills. 
R2 Sierra County Line to Sierraville. 

SR-267 R1 Truckee to Northstar. 
R2 Northstar to Kings Beach. 

SR-28 R1 Tahoe City to the State Line. 

US-50 is R2 Point View to Meyers. 

SR-88 Carson Spur is open. 
R2 Dew Drop to Crystal Springs. 

SR-20 is R2 Lone Grave to I-80."
2018-03-03 03:58:45+00:00,2018-03-03 09:45:00+00:00,True,2026825474196080,https://www.facebook.com/chp.truckee/posts/pfbid03778UoFgFBTzGTvxtV9J3ZeV6ash54CMda4qyzkc5bpYWQWwoCVkoB8SBLnK8ReRMl,1,1,"Chain Control Update: 8:00 pm

I-80 is Closed in both directions. 

Westbound traffic is being turned at the Nevada State Line. 

Eastbound is being turned in Colfax. 

SR-89 is R2 Markleeville to The closed gate at Emerald Bay. 
R1 Bliss State Park to Squaw Valley. 
R1 Truckee to Hobart Mills. 
R2 Sierra County Line to Sierraville. 

SR-267 R1 Truckee to Northstar. 
R2 Northstar to Kings Beach. 

SR-28 R1 Tahoe City to the State Line. 

US-50 is R2 Point View to Meyers. 

SR-88 Carson Spur is open. 
R2 Dew Drop to Crystal Springs. 

SR-20 is R2 Lone Grave to I-80."
2018-03-03 07:51:50+00:00,,False,2026887774189850,https://www.facebook.com/chp.truckee/posts/pfbid0aJEcFfF4U5yC9v9joCrqEvoEBDUSWpA7j6ngJ14cRCyzt9sdUW3MnejNY1UvnzdQl,1,1,"Chain Control Update: 11:55 pm

I-80 westbound has re-opened. 

I-80 is R2 Nevada State Line to Colfax in both directions. 

Trucks are Maximum. 

Caltrans is turning all eastbound traffic currently due to multiple collisions. 

SR-89 is R2 Markleeville to The closed gate at Emerald Bay. 
R1 Bliss State Park to Squaw Valley. 
R1 Truckee to Hobart Mills. 
R2 Sierra County Line to Sierraville. 

SR-267 R1 Truckee to Northstar. 
R2 Northstar to Kings Beach. 

SR-28 R1 Tahoe City to the State Line. 

US-50 is R2 Point View to Meyers. 

SR-88 Carson Spur is open. 
R2 Dew Drop to Crystal Springs. 

SR-20 is R2 Lone Grave to I-80."
2018-03-03 14:31:02+00:00,,False,2027014277510533,https://www.facebook.com/chp.truckee/posts/pfbid02Su9WJvMHdhbKxuVEVfTqiZp497rqwjRozunLkjRqMKfRTyiDQiz7nd9CShb3Rwbil,1,1,"Chain Control Update 6:30 am:

I-80 is R2 Colfax to the Nevada State Line. 

Trucks are Maximum. 

SR-89 is R2 Markleeville to Woodfords. 
R2 Pickett‚Äôs Junction to US-50. 
R1 Bliss State Park to Truckee. 
R2 Truckee to Sierraville. 
R1 Sierraville to the Plumas County Line. 

SR-267 is R2 Kings Beach to Northstar. 
R1 Northstar to Truckee. 

SR-28 R1 Tahoe City to the Nevada State Line. 

SR-20 R2 Nevada City to I-89. 

US-50 R2 Twin Bridges to Meyers. 

SR-88 Carson Spur is Closed for avalanche control. 
R2 Pine Grove to Woodfords."
2018-03-12 18:56:36+00:00,,False,2031250213753606,https://www.facebook.com/chp.truckee/posts/pfbid02bG9dLy8QXNuKsvnwTSWgaGW4S4WYk6D3BzzgVUVpgCYUAoxDfLT4e2LCQb4eN58kl,0,1,"Traffic Alert:

a Non Injury Traffic collision I-80 eastbound, east of Boreal.  The right lane is closed due to an overturned truck.

Expect delays in the area."
2018-03-13 16:54:54+00:00,,False,2031742167037744,https://www.facebook.com/chp.truckee/posts/pfbid09doQqt5tqrfg7CFwkNgtPsPwxmUjgDy1YKDDAUzfrz7t4wQx5n9jpqw1qCRVo4u6l,0,0,"Things are about to get serious!

We have a good size winter storm pushing in tonight through Saturday. If you do not have to travel through the Sierra Passes the next few days our recommendation is to not. 

Expect chain controls to come up later today. 

We will have high winds with heavy snows. Expect delays and possible roadway closures. 

Images from U.S. National Weather Service (NWS)"
2018-03-14 17:49:24+00:00,2018-03-14 19:46:00+00:00,True,2032192823659345,https://www.facebook.com/chp.truckee/posts/pfbid09s8BYcAQ78C6ZetVMj3e5nRaoytwmyubQdeg8bSHYy4coLVfQrhbTHCRHdYjv1RBl,0,1,"Traffic Alert:

I-80 eastbound, east of Castle Peak is closed due to a jacked knifed big rig. 

No estimated time of reopening."
2018-03-15 20:59:25+00:00,2018-03-15 23:43:00+00:00,True,2032657400279554,https://www.facebook.com/chp.truckee/posts/pfbid02JjiqHbDNzWd1tyvct2J5Dqip2T1MNyM6kGnhapv3vEHSyybTpFc9V3SxTug1ZaCpl,1,1,"Traffic Alert:

I-80 westbound is currently closed in Truckee due to an accident on Donner Summit.

We will let you know as we get things open.

Chain Control Update: 2:00 pm. 

I-80 is R2 Donner Lake Rd. to Kingvale in both directions. 

Trucks are Maximum. 

SR-89 no controls. 

SR-267 no controls. 

SR-28 no controls. 

SR-20 is Closed due to a collision

US-50 no controls. 

SR-88 is R2 Peddler Vista to Silver Lake."
2018-03-15 21:31:29+00:00,,False,2032667660278528,https://www.facebook.com/chp.truckee/posts/pfbid0UjC4Uw6cWj2seLUXrA4ohFUbvGtLCb4NxHAYV8841YscH4od5RzutxTwe5h1xvX9l,1,1,"I-80 westbound has reopened in Truckee.

Chain Control Update: 2:30 pm

I-80 is R2 Truckee to Kingvale in both directions. 

Trucks are Maximum. 

SR-89 no controls. 

SR-267 no controls 

SR-28 no controls

SR-20 is closed due to a vehicle accident. 

US-50 is R2 Twin Bridges to Meyers. 

SR-88 is R2 Silver Lake to Hamms Station."
2018-03-16 03:31:30+00:00,,False,2032803030264991,https://www.facebook.com/chp.truckee/posts/pfbid08HwALcbgkpEDt3pAi5xTMWco3Vhvd5JEjqkHTnndvYYc7qG4SWZ1YLpV1AP93bHPl,1,1,"Chain Control Update: 8:30 pm

I-80 is R2 Colfax to The Nevada State Line in both directions. 

Trucks are Maximum. 

SR-89 is R2 Pickett‚Äôs to Emerald Bay. 
Emerald Bay is closed. 
R1 Bliss State Park to Truckee. 

SR-28 is R1 Tahoe City to State Line. 

SR-267 is R2 Kings Beach to Northstar. 
R1 Northstar to Truckee. 

SR-20 is R2 Nevada City to I-80 

US-50 is R2 3000‚Äô foot level to Meyers. 

SR-88 Carson Spur is closed no Estimated Time of reopening."
2018-03-16 15:15:16+00:00,2018-03-16 23:53:00+00:00,True,2033025350242759,https://www.facebook.com/chp.truckee/posts/pfbid021S5dsqZTS6waunePavasCYLtuwA99kHiS7XfbotmxsYocfrUBQdpeYzKk5UBJGE6l,1,1,"Well we‚Äôre buried. 

Traffic Alert: 

I-80 is closed this morning due to heavy snow. There is no estimated time of reopening. 

I-80 westbound is closed at State Line. 

I-80 Eastbound is Closed at Applegate. 

Locals and employees with good id can still get through.

Chain Control:

SR-89 is R2 Woodfords to Markleevillle. 
R2 Pickett‚Äôs Junction to Bliss State Park. 
R1 Bliss State Park to the Plumas County Line. 

SR-267 is R2 Kings Beach to Northstar. 
R1 Northstar to truckee. 

SR-28 is R1 Tahoe City to the Nevada State Line. 

US-50 is R2 4 miles east of Placerville to Meyers. 

SR-88 is Closed at Peddler Hill due to snow. 
Is also closed from Silver Lake to Kirkwood."
2018-03-16 16:21:25+00:00,2018-03-16 23:53:00+00:00,True,2033049110240383,https://www.facebook.com/chp.truckee/posts/pfbid02uaYbGXByhcF9FJwnGorYkdNi6TscaCEub879isMNRdR9ZLKd3MxX1R9zLuJrsasUl,1,1,"Traffic Alert:

I-80 remains closed. 

SR-89 south is now closed between Truckee and Alpine meadows due to multiple collisions in front of Squaw Valley."
2018-03-16 19:10:54+00:00,2018-03-16 23:53:00+00:00,True,2033109423567685,https://www.facebook.com/chp.truckee/posts/pfbid06pKADitNuwDnvGEGAuHMB5tW6K6sqXSJ2sqgtEuZF3sW1qJZx8QpztjRTNEJNqMFl,1,1,"Traffic Update:

SR-89 has reopened. 

I-80 

SR-20

Old 40 

SR-88 

All remain closed at this time due to conditions."
2018-03-16 19:52:10+00:00,2018-03-16 23:53:00+00:00,True,2033130983565529,https://www.facebook.com/chp.truckee/posts/pfbid02ZgrFKYApQaKXNCdWY32f2gER28uAnHyL7rxnLAksDLQzrNtogEpGvkeV92Aw5KTWl,1,1,"SR-88 over Carson pass has re-opened with chain controls. 

I-80 remains closed at this hour."
2018-03-17 22:50:43+00:00,,False,2033641013514526,https://www.facebook.com/chp.truckee/posts/pfbid02YR2LYXyApuLWTvLavJM9jU3AKrmrorTQ14biheVz4vZzn9sKR6RotYE8Rv3XMAMfl,1,1,"Jeeps doing Jeep things. 

Traffic is being held briefly on SR-267 at Northstar as we recover this guy. 

Remember just cause chain controls are down, doesn‚Äôt mean that conditions are perfect. Slow down and increase your following distance.

Chain Control Update 3:50 pm. 

I-80 is R2 Nyack to Donner Lake Rd. in both directions. 

Trucks are Minimum. 

SR-89 is R1 Bliss State Park to I-80. 

SR-28 no controls 

SR-267 no controls. 

SR-20 is R2 vista to I-80 

US-50 no controls.  

SR-88 is R2 Kirkwood to Lumber Yard."
2018-03-23 15:20:22+00:00,,False,2036015229943771,https://www.facebook.com/chp.truckee/posts/pfbid02Hv76wzWYP81vGYY4A6KHY6bCaSp8wRzG1EfmRg3yPdntLTSKKV75Df8qaUvtp5bml,1,1,"It‚Äôs blue bird and frozen out there this morning. Be careful on the roadways and be cognizant for icy patches. 

Chain Control Update: 12:20pm

I-80 no controls. 

US-50 no controls. 

SR-88 Carson Spur is Closed. 

Old Hwy 40 (Donner Pass Rd) between Sugar Bowl and Truckee has reopened. With chain Control."
2018-04-12 07:25:33+00:00,,False,2044082495803711,https://www.facebook.com/chp.truckee/posts/pfbid021mxS7VHLZRwpTJYcFE7uc4yyz7aivaekTo339AHV7QgZQr5Lr8oLPBA4eYgpu5dhl,1,1,"Chain Control:

I-80 is R-2 Baxter to Donner Lake Rd in both directions. 

Currently I-80 westbound is closed to all tractor trailer combinations. 

SR-89 is R2 Markleeville to Woodfords. 
R2 Pickett‚Äôs Junction to Bliss State Park. 
R1 Bliss To Tahoe City. 
R1 Squaw Valley to I-80. 
R1 Truckee to the Plumas County Line. 

SR-28 is R1 Tahoe City to Lardin Way. 

SR-267 is R2 Kings Beach to Northstar. 
R1 Northstar to Truckee. 

SR-20 is R2 Washington Rd to I-80. 
Eastbound 20 is Closed to tractor trailer combinations. 

US-50 is R2 Kyburz to Meyers. 

SR-88 is R2 Cooks Station to Red Lake Creek."
2018-04-30 23:21:59+00:00,2018-05-01 00:00:00+00:00,True,2051889125023048,https://www.facebook.com/chp.truckee/posts/pfbid02FmpoKMd1u3amfKPH1dgVw2XxLvmk3Zn2KVpR1mF5M7VzZTPQuYLUTKgG9eMZvBfSl,1,1,"Oh Spring Time!

I-80 is currently CLOSED in both directions between Donner Lake Rd and Kingvale due to multiple collisions and extremely hard hail. 

Unknown estimated time of reopening."
2018-05-09 18:25:33+00:00,,False,2055614714650489,https://www.facebook.com/chp.truckee/posts/pfbid0YcGpSdc7tAG1eQWcbBWX58qxqz33AZjEwug3kXpabuGsJom5vDXMMziSXViHnexYl,0,0,"Traffic Alert:

SR-88 is closed between the Nevada State Line and Picketts Junction due to an overturned truck carrying hazmat.  The collision is in the area of the Woodfords Cal Trans Station

Currently CHP - South Lake Tahoe and Alpine County Sheriff's Department are asking people of the Woodfords area to shelter in place and stay in doors unless directed by emergency personnel on scene."
2018-05-17 13:51:34+00:00,,False,2058878287657465,https://www.facebook.com/chp.truckee/posts/pfbid02cpTzvaJ2HaB1bNhgCY844MEU5zZA2kiQS5tBzCW1jPZCN5Jg4C8GDt5AH6kqVfJnl,0,1,"Shhh, don‚Äôt mind him he is just taking a nap!

Traffic Update:

I-80 eastbound, west of Floriston we are still on scene with this non injury overturned big rig. 

The right lane will be closed for sometime as the tows work to get this cleaned up."
2018-05-21 18:14:12+00:00,,False,2060827974129163,https://www.facebook.com/chp.truckee/posts/pfbid02vEzE1rreVNcZMhzz5QBGVPN8wDNahFJpRVXCgVHjy3biRDyi4KqcHN3y8HGKbpcbl,0,0,"Traffic Alert: 

The Old Highway 40, (Donner Pass Rd) vista point is closed for rescue training with CHP - Valley Division Air Operations."
2018-05-25 01:59:56+00:00,,False,2062239487321345,https://www.facebook.com/chp.truckee/posts/pfbid02peXMhjYEJVLPVAxf83gmVMGhCfGhhT3CUxf8nx3vTRstY2T5MrVGVbCkVvVceTzWl,0,0,"Well üí© 

Traffic Alert:

Alpine Meadows Rd is Closed due to a mud slide at 5 Lakes Trail. There is a detour in place for locals. 

The closure will remain in place through the night."
2018-10-10 15:11:13+00:00,,False,2166047703607189,https://www.facebook.com/chp.truckee/posts/pfbid02oGoQFnakbLtEyTixJeHAV8NRDs5S7R4Um5yfrGP23Ykf5KsN6LEPqbpSc7ZuVPmSl,1,0,"Seems a little early for Ash Wednesday, but we will go with it!

Currently the right lane of I-80 westbound at SR-267 is closed due to the accidental dumping of gypsum ash upon the highway. 

Apparently the drivers radio mic fell hitting the switch for the bottom dump trailer. 

Brings a whole new meaning to dropping the üé§!"
2018-11-05 17:11:31+00:00,,False,2179090925636200,https://www.facebook.com/chp.truckee/posts/pfbid0299d8cNTsttHYFA3uqyBQsXeMQvsm2a2384RgeNtwfQ9LewLHGb4nZHwMvU8Qyp7vl,0,0,"Expect a slow go through the Mouse-hole and the SR-89 South round a bouts as Caltrans District 3 is doing some roadwork. 

We suggest using West River Street to avoid the closure. 

Drive safely!"
2018-11-14 14:15:55+00:00,,False,2183805775164715,https://www.facebook.com/chp.truckee/posts/pfbid02GyPgATPTGb9zxtf6tcNwNEn8hBhh8R6HPqeFZXds4Bot6s2qRN6EdZVd7xYspLjFl,0,0,"Great stories always exist in tragedy.  For the latest on Camp Fire road closures follow CHP - Oroville and CHP ‚Äì Chico

Good work Guys!"
2018-11-23 04:22:16+00:00,,False,2188827104662582,https://www.facebook.com/chp.truckee/posts/pfbid022U3736uj7MLbDeQN7vGYHXrsgw7Qf33BEj2U68AuFwU5unBoEoRp3WCvJZNC2kM3l,1,1,"Old 40 is Closed. 

Just a reminder, Old Highway 40 (Donner Pass Rd) between Truckee and Sugar Bowl is not a good option to avoid chain control on the freeway. 

The road has a steeper grade and sharp turns. It also is not plowed as frequently. 

Trust us, your GPS is wrong."
2018-11-23 21:30:57+00:00,2018-11-23 22:30:00+00:00,True,2189259507952675,https://www.facebook.com/chp.truckee/posts/pfbid0FQ6McFL2akCn7czLC1HPbp7qtjfUQu383QQL4Fj2tqEWoJmv7kPtihQ3CDxxqCawl,1,1,"Traffic on I-80 is currently being held due to multiple collisions inside chain Control. Unknown estimated time to reopen. 

Chain Control:

I-80 is R2 Kingvale to Donner Lake Rd in both directions. 

Trucks are Maximum."
2018-12-07 11:24:16+00:00,2018-12-07 12:30:00+00:00,True,2197261907152435,https://www.facebook.com/chp.truckee/posts/pfbid0cEW9n17NqPjSQwTL9UKimGUnddoaaX5Qdmx2yfETaxEigvP7b3FV1MazkiCnxHrKl,0,1,"Traffic Alert:

I-80 eastbound is closed at Hirschdale due to a big rig that rolled at Farad. 

Luckily no one was hurt. 

Estimated 2 hour closure to get the truck righted and removed. 

All eastbound traffic should seek an alternate route via Mount Rose Highway."
2018-12-07 21:51:26+00:00,,False,2197563393788953,https://www.facebook.com/chp.truckee/posts/pfbid02tz9KggSyGRF6gQVWnZFQdK8qc6C75nPnUvMJZn3e2kqxQsaGRTeqNpHJW7x33hGsl,0,1,"Traffic Alert:

Caltrans District 3 has the right hand lane of I-80 eastbound from Floriston closed to repair the damage caused by the truck that overturned this morning. 

Expect a slow commute to Reno this afternoon."
2018-12-24 20:02:02+00:00,2018-12-24 21:00:00+00:00,True,2207595182785774,https://www.facebook.com/chp.truckee/posts/pfbid02evZbTvSxMxgHHvkvLDciRsmnMEfRq57nAbU2KGBnFqGR8YojWvci24J5k89a2Fvbl,1,1,"Traffic Alert:

I-80 is closed between Kingvale and Donner Lake Rd. Due to extremely heavy snowfall and multiple collisions. 

No estimated time of reopening."
2018-12-25 02:45:52+00:00,,False,2207732016105424,https://www.facebook.com/chp.truckee/posts/pfbid02A5FF17gKZVYcczCiBtXyyMPzgEaPZSa1YVFctYKDoXRueqE5EZzSL4gE9zwZ2QhRl,1,1,"Chain Control:

I-80 is R2 Truckee to Cisco Grove in both directions. 

Trucks are Minimum. 

SR-89 is R2 Pickett‚Äôs Junction to US-50. 
R2 Emerald Bay to Harpers Grade. 
R1 Harpers Grade to Squaw Valley. 
R1 Truckee to the Sierra County Line. 

SR-267 is R2 Kings Beach Northstar. 

SR-28 is R1 Tahoe City to the Nevada State Line. 

US-50 is R2 Twin Bridges to Meyers. 

SR-88 is R2 Lumber Yard to Crystal Springs. 

Old Highway 40 is Closed. 

Drive Safely."
2018-12-26 18:58:50+00:00,,False,2208829082662384,https://www.facebook.com/chp.truckee/posts/pfbid0DgAaLokF8Eh3zDVhzbntSboiQNQ5P2TKJdf9bBjoQ8gZrC3aC43e2DTaLdz3y85rl,0,0,"And just like that it all changes ü§∑‚Äç‚ôÇÔ∏è

Traffic Alert:

Avoid Frates and Forest Rd in Truckee. (Between Safeway and Ace) 

We have the area shut down for a gas leak. 

Truckee Fire Protection District is on scene looking for the source."
2018-12-27 03:39:46+00:00,,False,2209016822643610,https://www.facebook.com/chp.truckee/posts/pfbid0ZUBYPFX89SfrvVFbWV14vdoKiY7XZgdV37YWp4NVEtN36VydsqrWM7ADeu2onp42l,0,0,"Traffic Alert:

SR-89 is Currently Closed between Truckee and Squaw Valley due to an injury head on collision. 

Use SR-267 as an alternate route to and from North Lake Tahoe."
2019-01-06 00:44:16+00:00,2019-01-06 02:47:00+00:00,True,2214823175396308,https://www.facebook.com/chp.truckee/posts/pfbid02c7J33QQ68NFJaej3iCMDdiM1rzUbtfRP3RbnvWMBmvTCu9ujNbPpo1iJHnbCeikil,1,0,"Currently westbound I-80 traffic is being held at Donner Lake, due heavy snow and multiple collisions. 

Chain Control Update 4:45 pm:

I-80 is R2 Drum Forebay to Hirschdale. 

Trucks are minimum. 

SR-20 is R2 Dana‚Äôs to I-80. 

SR-89 is R2 Markleeville to the Eldorado County Line. 
R2 Picketts Junction to Sugar Pine State Park. 
R1 Sugar Pine to I-80. 
R1 Truckee to the Plumas County Line. 

SR-267 is R2 Northstar to Kings Beach 

US-50 is R2 Kyburz to Meyers. 

SR-88 is R2 Dew Drop to Crystal Springs."
2019-01-06 20:24:35+00:00,,False,2215367448675214,https://www.facebook.com/chp.truckee/posts/pfbid02oyyPaC7nb2heJh94qNGHzv33d3SzPxkLRcvWXUQs3qdQnUKZheY221BzS6W45Fe8l,1,1,"Traffic Alert:

I-80 westbound is currently closed due to multiple collisions and spin outs. No Estimated time of Re-opening. 

Chain Control:

I-80 is R2 Truckee to Alta in both directions. 

Trucks are Maximum. 

SR-89 is R2 Markleeville to El Dorado County Line. 
R2 Pickett‚Äôs Junction to Sugar Pine State Park. 
R1 Sugar Pine to I-80. 
R1 Truckee to the Plumas County Line. 

SR-267 is R2 Northstar to Kings Beach. 

SR-28 is R2 Tahoe City to Lardin way. 

SR-20 is R2 Dana‚Äôs to I-80. 

US-50 is R2 Twin Bridges to Meyers. 

SR-88 is R2 Dew Drop to Crystal Springs. 

Drive safely."
2019-01-06 21:19:15+00:00,,False,2215388482006444,https://www.facebook.com/chp.truckee/posts/pfbid02nLxeXsVruS7yGtE8vBqYSqKg7dPQJCoMd7zSvRQzx3RhpYcgxKkifmwLxguL7bHvl,1,1,"Traffic Alert:

I-80 westbound is currently closed due to multiple collisions and spin outs. No Estimated time of Re-opening. 

Chain Control:

I-80 is R2 Truckee to Alta in both directions. 

Trucks are Maximum. 

SR-89 is R2 Markleeville to El Dorado County Line. 
R2 Pickett‚Äôs Junction to Sugar Pine State Park. 
R1 Sugar Pine to I-80. 
R1 Truckee to the Plumas County Line. 

SR-267 is R2 Northstar to Kings Beach. 

SR-28 is R2 Tahoe City to Lardin way. 

SR-20 is R2 Dana‚Äôs to I-80. 

US-50 is R2 Twin Bridges to Meyers. 

SR-88 is R2 Dew Drop to Crystal Springs. 

Drive safely."
2019-01-06 21:30:59+00:00,2019-01-07 15:00:00+00:00,True,2215393592005933,https://www.facebook.com/chp.truckee/posts/pfbid0CQLfZoYbYp3Q5GQYcZJ2YPiZV3RZpfB2df6C2uqN9ypfUyvuxRerVncSrDPaug1Nl,1,1,"Well that‚Äôs all she wrote...

I-80 is now closed in both directions over Donner Summit, due to zero visibility and heavy snow. 

No estimated time of reopening."
2019-01-07 14:38:49+00:00,2019-01-07 15:00:00+00:00,True,2215826221962670,https://www.facebook.com/chp.truckee/posts/pfbid02AaJ8q2SNWPxC2j5VVoBVCG1a3L7zVVGqitoocr3o4vpC5RA7FcX5B97QYHKpFAiAl,1,1,"Update:

I-80 is still closed this morning between the Nevada State Line and Colfax. 

SR-20 is Closed this morning due to the I-80 closure. 

SR-89 is Closed in Emerald Bay. 

We will let you know as conditions improve and things reopen."
2019-01-07 14:58:04+00:00,2019-01-07 15:00:00+00:00,True,2215838131961479,https://www.facebook.com/chp.truckee/posts/pfbid0GVysz3VHXBFGeNC5YnUL6WU6qMdG1ZLGn8VqxWSsJvi7Dus2qfUgwzXTaUL6kgP2l,1,1,"Update!!!!

You are hearing it here first. 

I-80 westbound from Truckee to Colfax will be opening at 7 Am!!!!

I-80 eastbound from Colfax to Truckee will also be opening. 

I-80 will remain closed at the Nevada stateline until we can get the traffic cleared here in town. 

The CHP will be providing escorts. It will be a slow go. 

Chains are required from Truckee SR-20. 

Trucks will be Minimum."
2019-01-07 18:38:03+00:00,,False,2215975648614394,https://www.facebook.com/chp.truckee/posts/pfbid0rfNzmp1F6EwFSBMotS4PUfNxXS5V9bbPk4vD3s16wrGzgc1ck5r4ELentNSPX3Rzl,1,1,"Chain Control Update:

I-80 No Controls!!!!!

SR-89 is R2 Picketts Junction to US-50.
Emerald Bay is Closed.
R1 Bliss State Park to Tahoe City.
R1 Squaw Valley to Truckee.
R1 Truckee to Hobart Mills.

SR-267 is R2 Kings Beach to Northstar.

SR-20 no Controls.

US-50 is R2 Twin Bridges to Meyers.

SR-88 is R2 Hams Station to Silver Lake."
2019-01-07 19:52:55+00:00,,False,2216003965278229,https://www.facebook.com/chp.truckee/posts/pfbid0zaVv5pumxN4hKFr2MvX5ieWMadHKCG47SuwSHHMZjaswdZkVzmkuzgwZ36B5x6pzl,0,0,"Traffic Alert:

SR-89 south is closed in the area of Sequoia due to a head on collision.

We will let you know as we get traffic moving again!"
2019-01-12 05:16:04+00:00,,False,2218559541689338,https://www.facebook.com/chp.truckee/posts/pfbid0pUog6vGT7DDzXeSg152mESo7ECZcp72dog5N4ukSuLqTnKSfTGf56ipYJFVzxPSKl,1,1,"Traffic Alert:

SR-28 is Closed in both directions at Estates in Tahoe Vista due to a structure fire. 

Please avoid the area."
2019-01-14 16:40:52+00:00,,False,2220037014874924,https://www.facebook.com/chp.truckee/posts/pfbid02sZ9NBtVMYSk2hBREpRJfwgPHdDkEf6HQ2FFUHn3uwMmUTeSNHhDu1Gn5XBnfrgz8l,0,0,"It‚Äôs about to get interesting around here!!!!

Snow is coming, expect heavy snow, travel delays and possible roadway closures as we make our way through the week. 

Watch the weather, plan your travel accordingly and make sure you are prepared for winter driving. 

Image credit U.S. National Weather Service (NWS)"
2019-01-16 23:25:58+00:00,2019-01-17 00:40:00+00:00,True,2221329938078965,https://www.facebook.com/chp.truckee/posts/pfbid08MRq9s7NdExovbXBH9hqaMRtpScKUHMNitTUKWutZBheC2oTUYsDPkNvVsQsCoWUl,1,1,"Update:

I-80 westbound is currently closed for crashes. 

We will let you know when we get it going again. 

Here is the I-80 eastbound issue."
2019-01-17 03:27:57+00:00,,False,2221421298069829,https://www.facebook.com/chp.truckee/posts/pfbid023QXs4EXGN8cfz8RdHiL3xkpmCBXPKjLTxKEH8z7vcL3Z9biQjJvxVREw8sUMTSw1l,1,1,"Chain Control:

I-80 is R2 Truckee to Kingvale in both directions. 

I-80 is currently closed to tractor trailer traffic due to traction issues. 

SR-89 is R2 Pickett‚Äôs junction to US-50. 
R1 Truckee to the Sierra County Line. 

SR-267 Is R2 Northstar to Kings Beach. 

US-50 is R2 Twin Bridges to Meyers. 

SR-88 R2 Peddler Vista to Red Lake Creek."
2019-01-17 14:46:13+00:00,,False,2221697444708881,https://www.facebook.com/chp.truckee/posts/pfbid02VirRhV4MRN8sNPxTLjDdWNpXZSL2D29sr4CUN9hEfB38xMpZLrRxjb1n4AQ7CXcal,1,1,"Chain Control:

I-80 is R2 Truckee to Cisco Grove in both directions. 

I-80 is still closed to tractor trailer traffic. 

SR-89 is R2 Pickett‚Äôs junction to US-50. 
R1 Tahoe City to Squaw. 
R1 Truckee to the Sierraville. 
R1 Calpine to the Plumas County Line. 

SR-267 Is R2 Northstar to Kings Beach. 

 SR-28 is R1 Lardin way to the Nevada State Line. 

SR-20 is R2 Vista Point to I-80. 

US-50 is R2 Twin Bridges to Meyers. 

SR-88 R2 Hams Station to Woodfoords. 
Currently closed for avalanche control."
2019-01-17 15:55:29+00:00,,False,2221730941372198,https://www.facebook.com/chp.truckee/posts/pfbid02dn46mjTJpsMNxnt9XkCQsuBoG8pH6FtB9NNMwwHMLGsKqzKvQAJb7JYTPr78rVrQl,1,1,"Chain Control:

I-80 is R2 Truckee to Drum Forebay in both directions. 

I-80 is still closed to tractor trailer traffic. 

SR-89 is R2 Pickett‚Äôs junction to US-50. 
R1 Tahoe City to Squaw. 
R1 Truckee to the Sierraville. 
R1 Calpine to the Plumas County Line. 

SR-267 Is R2 Northstar to Kings Beach. 

 SR-28 is R1 Lardin way to the Nevada State Line. 

SR-20 is R2 Vista Point to I-80. 

US-50 is R2 Twin Bridges to Meyers. 

SR-88 R2 Hams Station to Woodfoords. 
Currently closed for avalanche control."
2019-01-17 16:27:08+00:00,,False,2221744581370834,https://www.facebook.com/chp.truckee/posts/pfbid0pGaGfTNnyNTMmpCXJuuL1JZvUtw2XQ5YxpEbiSKB5pCgvCG79zTFQ1b1nF3pLZjKl,1,1,"Snow has fired up again!

Chain Control:

I-80 is R2 The Nevada State Line to Nyack in both directions. 

I-80 is still closed to tractor trailer traffic. 

SR-89 is R2 Pickett‚Äôs junction to US-50. 
R1 Tahoe City to Squaw. 
R1 Truckee to the Sierraville. 
R1 Calpine to the Plumas County Line. 

SR-267 Is R2 Northstar to Kings Beach. 

 SR-28 is R1 Lardin way to the Nevada State Line. 

SR-20 is R2 Vista Point to I-80. 

US-50 is R2 Twin Bridges to Meyers. 

SR-88 R2 Hams Station to Woodfoords. 
Currently closed due to snow."
2019-01-17 17:56:59+00:00,,False,2221786888033270,https://www.facebook.com/chp.truckee/videos/326337841307624/,1,1,"A little team work to get the road back open down by State Line today. 

Unfortunately I-80 remains closed to Tractor Trailer traffic."
2019-01-17 18:25:39+00:00,,False,2221798031365489,https://www.facebook.com/chp.truckee/videos/2473010419407627/,0,0,Just in case you are wondering why we are discouraging travel over Donner Summit and why the Highway remains closed to trucks...
2019-01-17 21:30:47+00:00,,False,2221872934691332,https://www.facebook.com/chp.truckee/posts/pfbid0cRXt1EhWkuk6kYXx7HEUb6FZMuwD7QYHvgK2cFUBbNC3NALvGxaidJqwGznFgf1el,1,1,"Chain Control:

I-80 is R2 The Nevada State Line to Nyack in both directions. 

I-80 is still closed to tractor trailer traffic. 

SR-89 is R2 Pickett‚Äôs junction to US-50. 
R2 Bliss State Park to Squaw. 
R1 Squaw to the Plumas County Line. 

SR-267 Is R2 Truckee to Kings Beach. 

 SR-28 is R2 Tahoe City to the Nevada State Line. 

SR-20 is R2 Omega to I-80. 

US-50 is R2 Kyburz to Meyers. 

SR-88 R2 Hams Station to Woodfoords. 
Currently closed for avalanche control."
2019-01-18 02:56:11+00:00,,False,2222004151344877,https://www.facebook.com/chp.truckee/posts/pfbid033eQGdz7agD52fpZSDykMEWoNDzNykUJVjp8cobqtKUJtApKVGYjJ6WDerufXJAgal,1,1,"Chain Control:

I-80 is R2 Drum Forebay to the Nevada State Line. 

I-80 is still closed to trucks. 

SR-89 is R2 Pickett‚Äôs Junction to US-50. 
R2 Bliss State Park to Squaw Valley. 
R1 Squaw to the Plumas County Line. 

SR-267 is R2 Northstar to Kings Beach. 
R1 truckee to Northstar. 

SR-28 is R2 Tahoe City to the Nevada State Line. 

SR-20 is R2 Vista Point to I-80. 

US-50 is R2 Twin Bridges to Meyers. 

SR-88 is R2 Hams Station to Woodfords."
2019-01-18 17:00:08+00:00,,False,2222371951308097,https://www.facebook.com/chp.truckee/posts/pfbid0J36YvBiHEP9ysNFJ3DesKxi5CerxvQY1XXws4oW8Lze2sUZbGdcDKeMdVoV5Qmd6l,1,1,"Chain Control Update:

I-80 is R2 Kingvale to Truckee in both directions. 

Trucks are Minimum. 

SR-89 is R1 Markleeville to Woodfords. 
R2 Pickett‚Äôs Junction to US-50. 
R2 Bliss State Park to Squaw. 
R1 Squaw to the Sierra County Line. 
R1 Calpine to Plumas County Line. 

SR-267 is R2 Northstar to Kings Beach. 

SR-28 is R2 Tahoe City to the Nevada State Line. 

SR-20 no controls. 

US-50 no controls. 

SR-88 is R2 Hams Station to Woodfords.
Carson Pass is open. 
Carson Spur is closed."
2019-01-21 07:59:45+00:00,,False,2223786231166669,https://www.facebook.com/chp.truckee/posts/pfbid028YgC7WwzpEnCunqZmJdhxzrvR2TT3NMZp4w8uoUsU6Z6t86yn72wuWPrYsr9eiwVl,1,1,"Chain Control:

I-80 is R2 Nevada State Line to Alta in both directions. 

Trucks are Maximum. 

SR-89 is R2 Pickett‚Äôs Junction to Emerald bay Park. 
Emerald bay is closed. 
R1 Tahoe City to Squaw Valley. 
R1 Truckee to the Plumas County Line. 

SR-267 is R1 Truckee to Northstar. 
R2 Northstar to Kings Beach. 

SR-28 is R1 Tahoe City to the Nevada State Line. 

SR-20 is R2 Nevada City to I-80. 

US-50 is R2 9 miles east of Placerville to Meyers. 

SR-88 is R2 Peddler hill to Silver Lake."
2019-01-21 08:47:37+00:00,,False,2223800891165203,https://www.facebook.com/chp.truckee/posts/pfbid02DhFrhcPpyjiQvHSVY2LhjPNhEpAXnHhUM8YJ4p3xhn1kJ8i3BZ6HjzNvgWd7T8eFl,1,1,"Chain Control:

I-80 is R2 Nevada State Line to Colfax in both directions. 

Trucks are Maximum. 

SR-89 is R2 Pickett‚Äôs Junction to Emerald bay Park. 
Emerald bay is closed. 
R1 Tahoe City to Squaw Valley. 
R1 Truckee to the Plumas County Line. 

SR-267 is R1 Truckee to Northstar. 
R2 Northstar to Kings Beach. 

SR-28 is R1 Tahoe City to the Nevada State Line. 

SR-20 is R2 Nevada City to I-80. 

US-50 is R2 9 miles east of Placerville to Meyers. 

SR-88 is R2 Peddler hill to Silver Lake."
2019-01-21 18:24:32+00:00,,False,2224059474472678,https://www.facebook.com/chp.truckee/posts/pfbid02WpCJbW5qZ8YFBPrjSoosqsN4r7GundCjZtMjoGrM1Ukaf95teGvtSVf78nqzfn34l,1,1,"Chain Control:

I-80 is R2 Truckee to Cisco in both directions. 

Trucks are Minimum. 

SR-89 is R2 Pickett‚Äôs Junction to Emerald bay Park. 
Emerald bay is closed. 
R2 Bliss State Park to two miles north of Bliss. 
R1 Tahoma to Squaw Valley. 
R1 Truckee to the Plumas County Line. 

SR-267 is R1 Truckee to Northstar. 
R2 Northstar to Kings Beach. 

SR-28 is R1 Tahoe City to the Nevada State Line. 

SR-20 is R2 Vista to I-80. 

US-50 is R2 Freds Place to Meyers. 

SR-88 is R2 Pickett‚Äôs Junction the Hams Station. 
R1 Hams Station to Cooks Station."
2019-01-27 03:20:44+00:00,2019-01-27 04:20:00+00:00,True,2227065707505388,https://www.facebook.com/chp.truckee/posts/pfbid0McvWPryPvBXxmkAzyP42X59o7ABQ5LU9NF1MV6SGGHD3awxp4w7C5wWyh7tXcUL8l,1,1,"Traffic Alert:

SR-89 is currently closed in both directions between Squaw Valley and West River St. due to a major injury head on collision.

Use SR-267 as an alternate route."
2019-02-02 19:13:34+00:00,2019-02-02 20:50:00+00:00,True,2230871563791469,https://www.facebook.com/chp.truckee/posts/pfbid0ZSes2QxH9aiSWa2FNu6mdypkUVfs9Xb7RVMdYRtuCSL9cRJGcG1HJAY5Qkztm4DFl,1,1,"Update: 

Traffic is being held on 80 in both directions due to multiple spin outs. 

Expect delays. Trucks are now maximum."
2019-02-02 20:27:29+00:00,,False,2230902010455091,https://www.facebook.com/chp.truckee/posts/pfbid02sRibHdtUjfAVV4CmxEbsRa5DYT6coAzcnLZH1RxvTcZBEHFbFhCMzWCa4BonY4B6l,0,0,"Traffic Alert:

SR-89 at Emerald Bay is now closed."
2019-02-02 22:36:52+00:00,,False,2230954240449868,https://www.facebook.com/chp.truckee/posts/pfbid02WdPCGCj3oiJPf7i7RPZuCyQjZTHWf2mHLQ2Hfz184wt1QswshD3WjEU1YNRMsH3Nl,1,1,"Taking that ‚ÄúRest Area‚Äù a little too serious!!! Glad no one was hurt, but this is some slick heavy snow. Make sure you slow down... The speed limit in chain control is 30 mph. 

Chain control update:

I-80 is R2 State Line to Drum Forebay, both directions. Trucks are minimum.

SR-20 R2 Vista to I-80

SR-267 R2 Truckee Bypass to King‚Äôs Beach

SR-28 R2 Tahoe City to Lardin, R1 Lardin to State Line

US-50 Meyers to Twin Bridges 

SR-89 closed at Emerald Bay, R2 Bliss to Sugar Pine, R1 Sugar Pine to Truckee

SR-88 R2 Cook Station to Paynesville, R1 Dew Drop to Cook Station

Drive safely."
2019-02-03 16:54:28+00:00,,False,2231389677072991,https://www.facebook.com/chp.truckee/posts/pfbid0uZLzxkRim9xdhDUwfKpbG4pW4HWk7315xw8m6XEH4jwMsxdJKMqNH82p7anW8Lr5l,1,1,"Chain control update:

I-80 is R2 WB Truckee to Eagle Lake, EB Cisco to Truckee. Trucks are maximum .

SR-20 R2 Bear Valley to I-80

SR-267 R2 Northstar to King‚Äôs Beach, R1 Northstar to Truckee

SR-28 R2 Tahoe City to Lardin

US-50 Meyers to Sand Flat

SR-89 closed at Emerald Bay, R2 Christmas Valley to Luther Pass, R2 Markleeville to El Dorado Co Line, R2 Bliss to Sugar Pine, R1 Sugar Pine to Truckee, R1 Prosser Dam to Plumas Co Line

SR-88 R2 Cook Station to Paynesville, R1 Dew Drop to Cook Station

Drive safely."
2019-02-04 00:26:27+00:00,,False,2231582680387024,https://www.facebook.com/chp.truckee/posts/pfbid0T3tKqbGXB8TiQsMRNtkLDaaV71TbiC1pCUUMp24YmdSQ7xoYc6Ay5yH4ttb8CPozl,0,0,"Traffic Alert: 

SR-28 is temporally shut down at Stag while crews work to recover this vehicle. It should be back open within 30 minutes. Fortunately no one was hurt, but it could have been much worse if they had gone for a swim in Lake Tahoe."
2019-02-04 14:39:19+00:00,2019-02-05 17:52:00+00:00,True,2231927877019171,https://www.facebook.com/chp.truckee/posts/pfbid0Eo9R7Pp9WLyFVZFxSqeW4oTnMdozAfFyV7MVYDKzSfwHWLZNERKosYTfkAoxB3V4l,1,1,"Chain control update:

I-80 is R2 State Line to Alta in both directions. Trucks are maximum.

SR-20 R2 Nevada City to I-80

SR-28 R1 Tahoe City to State Line

SR-267 R2 Northstar to Kings Beach. R1 from Northstar to Truckee

SR-89 Emerald Bay is closed. R2 Pickett‚Äôs Junction to US-50, 
R2 Bliss to Sugar Pine, R1 Sugar Pine to Truckee
R1 Truckee to Plumas County Line.

US-50 R2 Meyers to Sawmill 
SR-88 R2 Dew Drop to Paynesville, Carson Pass is closed

Drive safely."
2019-02-04 17:49:21+00:00,2019-02-05 17:52:00+00:00,True,2232028533675772,https://www.facebook.com/chp.truckee/posts/pfbid0fVSGbPAP5GF4Gg3q2AF7VddRdKe1LgTYcnZZDZwBzQ2eUpmn4wLM17yheTGVXWRbl,1,1,"Traffic Alert:

I-80 is currently closed both eastbound and westbound from State Line to Colfax due to whiteout conditions and spin outs.

SR-20 Closed due to whiteout conditions. 

Expect delays. 

This is a photo of a CHP Chevy Tahoe with the emergency lights activated on Donner Summit."
2019-02-04 20:01:30+00:00,2019-02-05 17:52:00+00:00,True,2232088427003116,https://www.facebook.com/chp.truckee/videos/762885147418167/,1,1,"Sergeant Strecker with a quick update from Donner Summit. 

I-80 is still closed in both directions."
2019-02-04 22:53:03+00:00,2019-02-05 17:52:00+00:00,True,2232153023663323,https://www.facebook.com/chp.truckee/posts/pfbid02ejeCctcbNA3UkR8Wyz7gGwPfSAibG8Fv9DNo9ZrgPizRckGjtuEPmkVK4aKXnScgl,1,1,"The weather is not letting up and we are staying busy... 

Chain control update:

I-80 is still closed in both directions. Westbound traffic is being turned at State Line and Eastbound is being turned at Colfax. 
SR-20 Closed, eastbound traffic is being turned at Nevada St

SR-28 R2 Tahoe City to Lardin, R1 Lardin to State Line

SR-267 R2 Kings Beach to Northstar. (Ladder Cables prohibited). R1 from Northstar to Truckee

SR-89 Emerald Bay is closed. Pickett‚Äôs to US-50 closed, R2 Bliss to Tahoma, R1 Tahoma to Truckee
R2 Truckee to Sierraville, R1 Sierraville to Plumas Co Line

US-50 R2 Meyers to Sand Flat, but currently closed for avalanche control

SR-88 R2 Buckhorn to Paynesville, Closed at Ham Station. Carson Pass and Carson Spur are closed

Drive safely."
2019-02-05 14:17:09+00:00,2019-02-05 17:52:00+00:00,True,2232562810289011,https://www.facebook.com/chp.truckee/posts/pfbid0GotfL3dDw9YPPSroq3N8bZT5GEj7iLJ3zSqLxFsoaTrZmCbojRaF64ubephfrUacl,1,1,"Update: 

I-80 is still closed from Colfax to State Line in both directions. 

US-50 has reopened. R2 Pt View to Meyers

Caltrans crews have been working around the clock to get everything open. We will update as soon as there is a change."
2019-02-05 20:57:41+00:00,,False,2232750693603556,https://www.facebook.com/chp.truckee/posts/pfbid0bJLPuUmAMsXLJQKyihN4ekRBM9poN5yKcUEqAo6rawSGZuzPDjubsVhriZTbrKdrl,1,1,"The sun is finally out... however the roads remain slick. 

Chain control update:

I-80 is R2 WB Truckee to Nyack. Nyack to Boca. Trucks are minimum

SR-20 R2 Dana to I-80

SR-267 R2 Northstar to King‚Äôs Beach, R1 Northstar to Truckee

SR-28 R2 Tahoe City to Lardin, R1 Lardin to State Line

US-50 R2 View to Meyers

SR-89 closed at Emerald Bay, R2 Everywhere else 

SR-88 R2 Cedar Mill to Paynesville, Closed at Ham Station

Carson Pass and Carson Spur are closed.

Drive safely."
2019-02-06 03:45:22+00:00,,False,2232922143586411,https://www.facebook.com/chp.truckee/posts/pfbid0zEBkt8XhHBPHfDtmufye1YNnUo9j6pjejLSgni15myUowNQTJmMHMPjG4vnaSbbkl,1,1,"Just when we thought it was over... looks like some snow on the western slope. Temps are dropping so watch out for ice on the roadways. 

Chain Control update:

I-80 R2 WB Rainbow to Alta, EB Alta to Kingvale, Trucks are minimum

SR-20 R2 Dana‚Äôs to I-80

SR-267 R2 Northstar to King‚Äôs Beach, R1 Northstar to Truckee

SR-28 R2 Tahoe City to Lardin, R1 Lardin to State Line

US-50 No controls. 

SR-89 closed at Emerald Bay, R2 Bliss to Tahoma, R1 Tahoma to Tahoe City, R2 Prosser to Hobart Mills, R1 Sierraville to Plumas Co Line

SR-88 R2 Ham Station to Crystal Springs, R1 Crystal Springs to Paynesville

Carson Pass is now open and Carson Spur is closed.

Drive safely."
2019-02-06 17:06:02+00:00,,False,2233238293554796,https://www.facebook.com/chp.truckee/posts/pfbid034noRwyMTHTosPgna8RrRy4HCWnfzyGNDpK96bqAkbMUNNSEwpSLwQrsLpBBKbTXDl,1,1,"Chain control update:

I-80 R2 WB Donner Lake to Kingvale Road both directions. EB NO CONTROLS. Trucks are minimum

SR-20 No controls

SR-267 No controls

SR-50 No controls

SR-28 R1 Tahoe City to State Line

SR-89 R1 Tahoma to Squaw, R2 Christmas Valley to Luther, Closed at Emerald Bay

SR-88 R1 Crystal Springs to Paynesville, R2 Crystals Springs to Ham Station

Carson Spur is closed"
2019-02-08 17:53:58+00:00,,False,2234389753439650,https://www.facebook.com/chp.truckee/posts/pfbid02mFBUyWjUjuFy58XgXa34xjfZWSpkmvZHddUQo7ttkaJ5eCNHUnZCnZ7wv45GaSb5l,0,0,"Deja vu?  Here we go again!

Get ready for heavy snow, travel delays, and possible roadway closures through Sunday Night.

Plan your travel accordingly!"
2019-02-09 06:34:39+00:00,,False,2234661090079183,https://www.facebook.com/chp.truckee/posts/pfbid0JhyXCLQ3jNmV5jHWrvRJyPgRfYPJeaU2XfhyGhdCQe5D2XqhmCWMV2eNNjXpYfbgl,1,1,"Chain control:

I-80 R2 Alta to Truckee both directions. Trucks are maximum.

SR-89 Closed at Emerald Bay

SR-20 R2 Five mile house to I-80

SR-88 R2 Martin Meadows to Red Lake Creek, R1 Irom Mountain Rd to Silver Lake

Drive safe."
2019-02-09 23:00:09+00:00,2019-02-10 22:30:00+00:00,True,2235063736705585,https://www.facebook.com/chp.truckee/posts/pfbid02LpQ5rJZEzsdRg3kUw3qffukZEJYKa3YPPfhBQrshv3EPcfdNAzM7GBuYaLP7GsdNl,1,1,"Traffic Alert:

I-80 is currently CLOSED from Colfax to State Line due to multiple spin outs. No ETO at this time."
2019-02-10 02:24:22+00:00,2019-02-10 22:30:00+00:00,True,2235133600031932,https://www.facebook.com/chp.truckee/posts/pfbid021rYVdEcyPe8daJg5us8nA6MRhKux6Y3PJkULAjue3RCLbSajdJimaNutPaMQiRcml,1,1,"As the snow continues to pile up, here is a visual reminder to drive safe. Slow down and increase your following distance. Easy on the gas and brake. 

Chain control update:

I-80 closed from State Line to Colfax in both directions

SR-267 Traffic is currently being held due to spinouts. R2 Kings Beach to Northstar and R1 Northstar to Truckee. 

SR-89 R2 from Bliss to Truckee, closed at Emerald Bay

SR-28 R2 Tahoe City to State Line

SR-88 R2 Buckhorn to Paynesville, Carson Spur and Carson Pass closed

SR-20 closed from Nevada City to I-80 
Old 40 is closed"
2019-02-10 19:22:17+00:00,2019-02-10 22:30:00+00:00,True,2235591439986148,https://www.facebook.com/chp.truckee/posts/pfbid02eYB8rr1Mj6fnmfgr2Kc9mLw2PVMSMZ8q84L9Rp5SL695v3ywQ2pLvjC9K2b3yPDul,1,1,"Update:

SR-267 is now OPEN with R2 Kings Beach to Northstar, R1 Northstar to Truckee (Ladder cables prohibited) 

I-80 is still CLOSED from Colfax to State Line as Caltrans works on snow removal. No ETO at this time. Caltrans reported 60 inches on the summit in 24 hours! 

SR-20 is still closed from Nevada City to I-80. Local residents on 20 permitted."
2019-02-10 22:33:57+00:00,,False,2235678073310818,https://www.facebook.com/chp.truckee/posts/pfbid02RxpEUUAuKCEfagTH2WtMRftwyBaYPsR22SqMnrzdWRhGv1iTFPFghQ89g4XRDc6l,1,1,"UPDATE: 

I-80 eastbound has reopened to passenger vehicles only. Trucks are still being held. Westbound is still closed."
2019-02-11 00:17:49+00:00,,False,2235713356640623,https://www.facebook.com/chp.truckee/posts/pfbid02BUHD3Vh6Qqwcnb5QFaQ7cLD4tdeRcrQWAMMv7GkRMp3z5pfP5L7Fqa5EH4Nbgi3nl,1,1,"UPDATE 4:40 PM: 

I-80 eastbound OPEN R2 Cisco to Truckee. Holding trucks again

I-80 westbound, Caltrans is saying now that all traffic is being held again at state line but are letting traffic west bound out of Truckee."
2019-02-11 00:50:14+00:00,,False,2235723493306276,https://www.facebook.com/chp.truckee/posts/pfbid0yUB73h1cz4fBDEwynEGXPjaVo8b2m6iA3vkXBAcQyK8Md96QtQ9S5MfdATRXFtjQl,1,1,"UPDATE 4:50 PM: 

I-80 eastbound OPEN R2 Kingvale to Truckee. Holding trucks again

I-80 westbound, Caltrans is saying now that all traffic is being held again at state line but are letting traffic westbound out of Truckee. R2 Truckee to Rainbow, trucks are minimum."
2019-02-13 19:18:44+00:00,,False,2237370149808277,https://www.facebook.com/chp.truckee/posts/pfbid02vs2WLjvGrL1XwdTutJbW61kBmq6SUEHdWLQ9wdbQaggGHhNFKBxcrLSpaiCqsem3l,1,1,"Chain Control:

I-80 is R2 Nyack to Truckee in both directions.  

Trucks are maximum. 

SR-89 is R2 Pickett‚Äôs Junction to Emerald Bay State Park. 
R1 Sugar Pine State Park to the I-80
R2 I-80 to The Sierra County Line. 
R1 Sierra County Line to the Plumas County Line. 

SR-267 is R2 Kings Beach to Northstar. 

SR-28 is R1 Tahoe City to Lardin Way. 

SR-20 is R2 Long Grade to I-80. 

SR-88 is closed from Peddler Hill to Krirkwood. 
Closed Kirkwood to Pickett‚Äôs. 
R2 Kirkwood to woodfords. 

US-50 is R2 Twin Bridges to Meyers."
2019-02-14 00:02:55+00:00,,False,2237482939796998,https://www.facebook.com/chp.truckee/posts/pfbid02ftUhTgsZgmRYY7AQx6buPRsAr2WC4hDa9JWsfKGAxXpWTpZHmbnsQ5QLYf3EBe6cl,1,1,"It‚Äôs raining over most the region currently. However we do have some localized roadway flooding on I-80. Please slow down and increase your following distance. 

Chain Control Update:

I-80 no controls. 

SR-89 is R2 US-50 to emerald bay. 

SR-267 no controls. 

SR-28 no controls. 

SR-20 no controls. 

SR-88 Carson Spur is closed. 
R2 Silver Lake to Pickett‚Äôs. 

US-50 no controls."
2019-02-14 18:23:43+00:00,2019-02-15 19:45:00+00:00,True,2237963276415631,https://www.facebook.com/chp.truckee/posts/pfbid02ush4NLgbTLYzS53XXGHRXQdFMfuNWsRCG5VzGrxefcNYKNh9wDcQqgrbYMVWoRMyl,1,1,"And it‚Äôs here!!!!  Currently turning traffic on I-80 westbound due to a big rig collision that leaked fuel. 

Chain Control:

I-80 is R2 Truckee to Cisco Grove in both directions. 

Trucks are maximum. 

US-50 is R2 Twin Bridges to Meyers."
2019-02-14 23:32:51+00:00,2019-02-16 23:30:00+00:00,True,2238101839735108,https://www.facebook.com/chp.truckee/posts/pfbid0NoQ3QwC61JBjM1YMa3msWksXTzZTRJazUXB5g63ENHy5Jwu8gYhmNedm9rRjPatXl,0,1,"Traffic Alert:

SR-267 is closed between Northstar and Kings Beach due to multiple collisions.

I-80 eastbound is being held at Castle Peak due to a crash just east of that location.

We will let you know as we get the roadway cleared up!"
2019-02-15 01:53:49+00:00,,False,2238169046395054,https://www.facebook.com/chp.truckee/posts/pfbid02VoYr2fns22urvuiSi3K6K75CQysC3BXAHCzWKvdkfaQ6P7oExu1mtEvreHmkSmWul,1,1,"I-80 eastbound and SR-267 have reopened. 

Chain control:

I-80 is R2 Drum Forebay to the Nevada State Line in both directions. 

Trucks are Maximum. 

SR-89 is R2 Pickett‚Äôs Junction to US-50. 
R2 Bliss State Park to Sugar Pine. 
R1 Sugar Pine to I-80. 
R2 I-80 to the Sierra County Line. 
R1 Calpine to the Plumas County Line.

SR-267 is R2 Truckee to Kings Beach. 

SR-28 R2 Tahoe City to Lardin way. 
R1 Lardin to the State Line. 

SR-20 is R2 Washington to I-80. 

US-50 is R2 Kyburz to Meyers. 

SR-88 Is closed sliver lake to Kirkwood. 
Closed Kirkwood to Pickett‚Äôs."
2019-02-15 03:26:51+00:00,2019-02-16 02:15:00+00:00,True,2238219283056697,https://www.facebook.com/chp.truckee/posts/pfbid0Q6KJ1xwUsFrGeeJgfg1w3XGEpAbh2496NFGuJcZ3BaTeywf7wyNyUpivyjhGy5dfl,1,1,"Traffic Alert:

I-80 has been closed in both directions due to collisions and low visibility. 

Unknown estimated time of reopening."
2019-02-15 16:53:55+00:00,2019-02-16 02:15:00+00:00,True,2238572006354758,https://www.facebook.com/chp.truckee/videos/755396211513451/,0,0,Yup still closed!!!
2019-02-16 02:15:19+00:00,,False,2238819066330052,https://www.facebook.com/chp.truckee/posts/pfbid0rdCK7kukXBHTHJYZYnLkENBRBsFFewatEpnThXKPcfWpTFhaSNwwYqo7TTD1LCSFl,1,1,"And it‚Äôs OPEN!

I-80 is open with chain Control. R2 Alta to the Nevada State Line. 

I-80 remains closed to all tractor trailer traffic at this time!"
2019-02-16 06:37:56+00:00,,False,2238917879653504,https://www.facebook.com/chp.truckee/posts/pfbid02iQiCUJ6tcaNLm2W6rBtzdf18FmEcYwUiHs8ZFm1nzt3RKjjXQGzNQnvCoYyhzRgAl,1,1,"Chain control:

I-80 is R2 Alta to the Nevada State Line in both directions. 

I-80 remains closed for trucks. 

SR-89 is R2 Pickett‚Äôs Junction to US-50. 
R2 Bliss State Park to Sugar Pine. 
R2 Sugar Pine to I-80. 
R1 I-80 to the Sierra County Line. 
R1 Calpine to the Plumas County Line.

SR-267 is R2 Truckee to Kings Beach. 

SR-28 R2 Tahoe City to Lardin way. 
R1 Lardin to the State Line. 

SR-20 is R2 Nevada City to I-80. 

US-50 is R2 4 miles east of Placerville to Meyers. 

SR-88 Is R2 Dew Drop to Paynesville."
2019-02-16 13:39:03+00:00,,False,2239092462969379,https://www.facebook.com/chp.truckee/posts/pfbid0PAUWrpDVLfJbPGByaHeYQYFobcKu5P56zb7HsoSoNtnyitEoNtZ9DX1MVBL3cUgel,1,1,"Chain control:

I-80 is R2 Colfax to the Nevada State Line in both directions. 

I-80 remains closed for trucks. 

SR-89 is R2 Pickett‚Äôs Junction to US-50. 
R2 Bliss State Park to Sugar Pine. 
R2 Sugar Pine to I-80. 
R1 I-80 to the Sierra County Line. 
R1 Calpine to the Plumas County Line.

SR-267 is R2 Truckee to Kings Beach. 

SR-28 R2 Tahoe City to Lardin way. 
R1 Lardin to the State Line. 

SR-20 is R2 Empire St. to I-80. 

US-50 is R2 3 miles east of Placerville to Meyers. 

SR-88 Is R2 Dew Drop to Paynesville."
2019-02-21 16:28:47+00:00,2019-02-21 16:47:00+00:00,True,2242118646000094,https://www.facebook.com/chp.truckee/posts/pfbid02Ga5K3ZZ4i9dfvwYX5THQc2EDdVmAaP8JTaZ71o76Q6YHb8PAJB51pUHY2M1ZgcAl,1,1,"Traffic Alert:

I-80 is closed in both directions between Overland Trail and the Nevada State Line due to multiple collisions on both sides of the highway!

Avoid the area!"
2019-02-21 16:42:45+00:00,,False,2242124815999477,https://www.facebook.com/chp.truckee/posts/pfbid03xKCMfgwo5DgeWjJx6ZFk1MzUWxGvt5MdrGFdXxtmABMvRKha7go6WKXNPDjtYDBl,1,1,"Update:
I-80 eastbound has reopened with chain controls. 

I-80 eastbound is R2 Overland Trail to Nevada State Line. 

Westbound is closed at the state Line until we can get the road cleared."
2019-02-26 07:45:06+00:00,2019-02-26 16:27:00+00:00,True,2244908669054425,https://www.facebook.com/chp.truckee/posts/pfbid02eMuhSZRScrf7J3Ade5PFGGfnCzhMaHRw1xZj8rLFtF12nSPjjfYp69wzVjUToP1Jl,1,1,"Chain Control Update:

I-80 is currently closed westbound at the Nevada State Line due to multiple collisions. 

I-80 eastbound is closed at Alta. All trucks are being turned at Applegate. 

There is no estimated time of reopening. 

SR-89 is R2 Pickett‚Äôs Junction to Sugar Pine State Park. 
R1 Sugar Pine to Plumas County Line. 

SR-267 is R2 Northstar to Kings Beach. 
SR-267 is closed for trucks. 

SR-28 is R2 Tahoe City to Lardin. 
R1 Lardin to State Line. 

US-50 is R2 Kyburz to Meyers. 

SR-88 is R2 Ham Station to Crystal Springs. 

SR-20 is R2 Dana‚Äôs Point to I-80."
2019-02-26 13:55:52+00:00,2019-02-26 16:27:00+00:00,True,2245059422372683,https://www.facebook.com/chp.truckee/posts/pfbid0TmGxVAg1Bv5NUP6SwSwg63vaSb2ZBXvEN4xWijnz2aTrH38WF5M4Sf2btV5DV3Lml,1,1,"Update:
Well not much of an update...

I-80 remains closed over Donner Summit this morning with no estimated time of reopening. 

#TrafficAlert #donnerpass #chptruckee #winterstorm #februburied"
2019-02-26 16:27:40+00:00,,False,2245145452364080,https://www.facebook.com/chp.truckee/posts/pfbid02gKpFhwcNuc28rZanU1ebemuE6LHsCvEn8no77KmcxUvfiUDmoyer2TdxqehXMsJ2l,1,1,"Chain Control:

I-80 eastbound and westbound have reopened to passenger vehicle traffic only. 

Still closed to truck traffic. 

I-80 is R2 Alta to Hirschdale in both directions."
2019-02-26 17:48:43+00:00,,False,2245183029026989,https://www.facebook.com/chp.truckee/posts/pfbid0EaG1NiPqoL7dcm5Mp1WENtBo2rSc5hrk8Sg4NszrFfsvoJRC18DGEvKfae4wKLeYl,1,1,"Chain Control Update:

I-80 is R2 Truckee to Alta in both directions. 

I-80 remains closed for trucks. 

There is no estimated time of reopening for trucks. 

SR-89 is R2 Pickett‚Äôs Junction to Sugar Pine State Park. 
R1 Sugar Pine to Plumas County Line. 

SR-267 is R2 Northstar to Kings Beach. 
SR-267 is closed for trucks. 

SR-28 is R2 Tahoe City to Lardin. 
R1 Lardin to State Line. 

US-50 is R2 Kyburz to Meyers. 

SR-88 is R2 Ham Station to Crystal Springs. 

SR-20 is R2 Dana‚Äôs Point to I-80."
2019-02-26 21:36:02+00:00,2019-02-28 11:10:00+00:00,True,2245272712351354,https://www.facebook.com/chp.truckee/posts/pfbid02JVk2rQy8KdwLcnEwvDF8sqtf7HNCokYtm3LpeqyoPiK2uPoYqsRE6CLFfLZn4nPul,1,1,"‚Ä™Traffic Alert:‚Ä¨

‚Ä™I-80 is closed for all traffic.‚Ä¨

‚Ä™Westbound at the Nevada State Line.‚Ä¨

‚Ä™Eastbound in Colfax.‚Ä¨"
2019-02-27 02:39:05+00:00,2019-02-28 11:10:00+00:00,True,2245380552340570,https://www.facebook.com/chp.truckee/posts/pfbid02aA3V5EjoQmixjfTE5tYQdbdMQj6D6wvEUR28wWLDGLePa8ZFVitxA9SJB8fzn5pYl,1,1,"Anyone seen the Soda Springs Freeway sign? 

Pretty sure we left it around here somewhere!

Update:

I-80 remains closed to all traffic between Colfax and the Nevada State Line due to heavy snow and extreme avalanche danger. 

There is no estimated time of reopening. 

Local traffic can still access with proof of residency. 

SR-20 is also closed from Nevada City to I-80."
2019-02-27 06:22:29+00:00,,False,2245464735665485,https://www.facebook.com/chp.truckee/posts/pfbid0oCDReVnP2px4qGhQxJkLceobpFZHAAxY7SP8HLmGu8P4EfWUA9dozHvM1obq97x7l,1,1,"Yup still closed!!!  80 is very narrow with extremely high avalanche danger! I-80 will be re-evaluated in the morning. 

We are sure CHP ‚Äì Placerville is about to have a full blown public meltdown over the ‚Äútraffic‚Äù on US-50! üòÇü§£üòÇüòò"
2019-02-27 15:55:13+00:00,2019-02-28 11:10:00+00:00,True,2245700155641943,https://www.facebook.com/chp.truckee/posts/pfbid0Wq51h7P6aHgijE1oPsp3hRgnWLahW3PWo1kCfYDNjsKj4Hrx4T5QKg9edKHQW6hzl,1,1,"I-80 remains closed this morning... 

We got a significant amount of wet heavy snow atop Donner Summit. Which has lead to extreme avalanche danger along I-80 and traction issues. 

Keep your fingers crossed that we can get it moving today!"
2019-02-27 19:05:29+00:00,2019-02-28 11:10:00+00:00,True,2245781395633819,https://www.facebook.com/chp.truckee/posts/pfbid02qyJHpD7nwwJK94MBCpEofE6ibKuQm3vUqDepbesFWv8HGgWpiRebEgt7aN59vwCjl,1,1,"I-80 remains closed with no estimated time to reopening. 

The storm is slowing down a bit, but the clean up is proving to be difficult. 

Plow train got derailed and stuck up at Soda Springs. The rotary plows on the railroad will start tomorrow!  It‚Äôs been a few years since those have run! 

As well parts of I-80 continue to Avalanche on to the roadway!"
2019-02-27 20:47:02+00:00,2019-02-28 11:10:00+00:00,True,2245823068962985,https://www.facebook.com/chp.truckee/posts/pfbid02EnAMCM81ijif3YefqyQxbTXvwQUEqvKeSx2qLiTj32zPcagMAxV8J4yCmLSYTmT5l,0,0,Still closed with a lot of clean up left to do!
2019-02-27 23:41:50+00:00,,False,2245911185620840,https://www.facebook.com/chp.truckee/posts/pfbid02r6chu2Knz7RYGguhwx765F6KEEqwMgS6ZgxAXQaFuEmUf3BK9M76cSvQdJEpgqfFl,1,1,"Hey bro, have you seen my house????

Might be time to start shoveling... but who am I to judge ü§£üòÇü§£

It‚Äôs deep up on Donner Summit! 

As clean up continues with Cal Trans out on the highway I-80 is still closed in both directions with no estimated time of reopening."
2019-02-28 03:43:25+00:00,2019-02-28 11:10:00+00:00,True,2246021235609835,https://www.facebook.com/chp.truckee/posts/pfbid02naq69cMEoyyu65ZGFUAeEvYphE9ZCRapAGmxLJcBwSK6EMJH4HKGPdPrz7qZxT4ol,1,1,"Wish we had better news....

I-80 remains closed between Colfax and the Nevada State Line due to extreme snow and avalanche danger."
2019-02-28 05:48:56+00:00,2019-02-28 11:10:00+00:00,True,2246063605605598,https://www.facebook.com/chp.truckee/posts/pfbid0229MxaSrGMo8mT7mj6fDRf4kiAXo9n14HM933XTNhcVqrBC9NcgnbfrZTBe1Yt3tUl,1,1,"I-80 Eastbound has reopened to passenger vehicle traffic. 

I-80 westbound remains closed at this time. 

I-80 is still closed to trucks. 

Chain control:

I-80 eastbound is R2 Cisco Grove to Donner Lake Rd. 

Drive safely."
2019-02-28 11:10:17+00:00,,False,2246174942261131,https://www.facebook.com/chp.truckee/posts/pfbid0M5MvmHrXcs6Ews8LtBDUfsy35DNES9a3VKq6gPiHySg2HKBCoqDpsME7XYsuP6Uql,1,1,"Traffic Alert:

I-80 westbound has reopened for passenger vehicles only. 

I-80 remains closed for trucks. 

Chain Control:

I-80 is R2 Drum Forebay to Donner Lake Rd in both Directions."
2019-02-28 15:09:57+00:00,,False,2246291692249456,https://www.facebook.com/chp.truckee/posts/pfbid02iKaVUmdUyjU9dV6MHrZFMh6EvAAToPdzCdk6bXwfRNuHJYgsksGs5mUB3TdLhDmJl,1,1,"Traffic Alert:

I-80 is open to Trucks in the westbound direction only at this time. 

Chain Control Update:

I-80 is R2 Truckee to Nyack in both directions. 

Trucks are Maximum westbound. 

Eastbound is still closed to trucks!"
2019-03-07 03:36:16+00:00,,False,2249993628545929,https://www.facebook.com/chp.truckee/posts/pfbid0Huzq31evtRFUGh3mbT9xdZX2YjpyfLKdGRjAthT2KTaFaBMVYsCXNeNLRDyakedml,1,1,"Chain Control:

I-80 is R2 Nyack to Donner Lake Rd in both directions. 

Trucks are minimum. 

SR-89 is R2 Pickett‚Äôs Junction to Emerald Bay State Park. 
R2 Bliss State Park to Sugar Pine State Park. 
R1 Tahoma to Sierra County Line. 

SR-267 is R1 Truckee to Northstar. 
R2 Northstar to Kings Beach. 

SR-28 is R2 Tahoe City to Lardin Way. 
R1 Lardin way to State Line. 

SR-20 no controls. 

US-50 is R2 Kyburz to Meyers. 

SR-88 is R2 Hams Station to Woodfords. 
Carson Spur is closed."
2019-03-07 05:21:07+00:00,,False,2250027271875898,https://www.facebook.com/chp.truckee/posts/pfbid0ieoNKfMyohqWwKGsTjphXriHeg1KjKfzzSPtN31pHvLptmWSJJTcJwRRKbmJCrcVl,1,1,"Chain Control:

I-80 is R2 Drum Forebay to Truckee in both directions. 

Trucks are maximum. 

SR-89 is R2 Pickett‚Äôs Junction to Emerald Bay State Park. 
R2 Bliss State Park to Sugar Pine State Park. 
R1 Tahoma to Sierra County Line. 

SR-267 is R1 Truckee to Northstar. 
R2 Northstar to Kings Beach. 

SR-28 is R2 Tahoe City to Lardin Way. 
R1 Lardin way to State Line. 

SR-20 no controls. 

US-50 is R2 Kyburz to Meyers. 

SR-88 is R2 Hams Station to Woodfords. 
Carson Spur is closed."
2019-03-28 14:08:23+00:00,,False,2261684020710223,https://www.facebook.com/chp.truckee/posts/pfbid02CwgYPytrQ17VkXaDofjXsBFrAVHkaoWAhK1E5LcNozE6AefED7FDUv39ZHfh4Rjnl,1,1,"Chain Control:

I-80 is R2 Truckee to Kingvale in both directions. 

Trucks are minimum. 

SR-89 is R2 Markleeville to Woodfords. 
R2 Pickett‚Äôs Junction to Bliss State Park. 
R1 Bliss to Squaw Valley. 
R2 Squaw Valley to Truckee. 
R1 Truckee to the Sierra County Line. 

SR-267 is R2 Northstar to Kings Beach. 

SR-28 is R2 Tahoe city to Lardin Way. 
R1 Lardin Way to The Nevada State Line. 

SR-20 no Controls. 

US-50 no Controls. 

SR-88 is R2 Hamms Station to Woodfords. 
Carson Spur is closed."
2019-03-29 14:16:53+00:00,,False,2262297467315545,https://www.facebook.com/chp.truckee/posts/pfbid0Ve3om2PXqufLm2iV8oBVLXgqg8gMg22W1kTGqntCWZUCFusFp3u74RMCRjT1jreGl,1,1,"Chain Control:

I-80 is R2 Kingvale to Donner Lake Rd in both directions. 

Trucks are minimum. 

SR-89 is R1 Bliss State Park to Tahoe City. 
Emerald bay is closed. 

SR-88 is R2 Peddler Vista to Pickett‚Äôs Junction."
2019-04-08 22:38:40+00:00,,False,2268246080054017,https://www.facebook.com/chp.truckee/posts/pfbid0323nratTbaYKQnLbU7pNhkBfPG2jkqnTwXjQYuscntweEnHsf7drGNyn2UpV8bD6al,0,0,"Traffic Alert:

SR-89 South is closed between Alpine Meadows and Tahoe City due to traffic collisions. 

Use an alternate route."
2019-04-24 14:41:54+00:00,2019-04-24 17:48:00+00:00,True,2277597665785525,https://www.facebook.com/chp.truckee/posts/pfbid02pzqWuRvJymnnofgGvHgcj2gF7TfM36fqu5vuoPq78DFQAWdMnmsJQRD9vm1prcWyl,1,0,"Somewhere, there are some very sad single guys as a truck load of TV Dinners burns!

I-80 westbound is closed at Gold Run. 

Take SR-20 or US-50 to avoid the closure."
2019-04-25 11:42:01+00:00,,False,2278079802403978,https://www.facebook.com/chp.truckee/posts/pfbid02pD5VWWgjzQb1dY28RNCqAGLjfqHWuWzAiqmpBvjLCiWWS9RAbWtsdF3iFEY9EnWxl,1,0,"And we‚Äôre 0 for 2!

I-80 westbound is closed again at Eagle Lakes for this non injury tractor trailer crash. However this time we have diesel fuel all over the freeway. No estimated time of reopening. 

Cars your alternate route will be US-50. Trucks... uh grab breakfast somewhere this could be a bit..."
2019-05-16 13:27:07+00:00,2019-05-16 14:57:00+00:00,True,2291138234431468,https://www.facebook.com/chp.truckee/posts/pfbid05UmrzbPHw5gAZx34mEvATyxWUELUtpBp7vAk9z47ubsu9nwVunN3uCtMqr7Vmz78l,1,1,"Chain Control:

I-80 eastbound is currently closed at Nyack due to multiple accidents. 

I-80 is R2 Nyack to Donner Lake Rd in both directions. 

Trucks are minimum. 

SR-20 is R2 Omega to I-80. 

SR-88 is R2 Dew Drop to 5 miles west of Pickett‚Äôs Junction."
2019-11-26 22:03:57+00:00,2019-11-27 01:25:00+00:00,True,2437130299832260,https://www.facebook.com/chp.truckee/posts/pfbid02XtE6bP8j2at4FWLhhsEUTSayTUFsNg8ZU38DTkfbXDLk3JPi7Q5ZshbGeTcPJu8Vl,1,1,"Chain Control:

I-80 is R2 Alta to Truckee in both directions. 

Trucks are maximum. 

Currently all eastbound 80 Traffic is being held in Alta due to multiple collisions. 

SR-88 is R2 Kirkwood to Red Lake Creek."
2019-11-26 22:21:17+00:00,2019-11-27 01:25:00+00:00,True,2437140163164607,https://www.facebook.com/chp.truckee/posts/pfbid0DfHuHBi3hYmecAovYKLkGEYhTnuUjrndhRqGopSAs8JQezGe4YVRVQNFP7cQ3Ebsl,1,1,"And there goes Westbound. 

All traffic on I-80 is currently being held due to multiple collisions. 

Westbound is being held in Truckee. 

Eastbound is being held at Alta. 

Chain Control:

I-80 is R2 Alta to Truckee in both directions. 

Trucks are maximum. 

SR-88 is R2 Kirkwood to Red Lake Creek."
2019-11-26 23:15:46+00:00,2019-11-27 01:25:00+00:00,True,2437174393161184,https://www.facebook.com/chp.truckee/posts/pfbid0ZXMEV8Qb4vFVCRyhXpt9vX8RAG4818Spn9sakUAufCSzFMbzrxj7TxZXNANXQQGyl,1,1,"Well this isn‚Äôt helping anything. Please look for emergency vehicles before pulling out into traffic. 

I-80 remains closed in both directions for the time being."
2019-11-27 13:04:17+00:00,2019-11-27 15:49:00+00:00,True,2437677539777536,https://www.facebook.com/chp.truckee/posts/pfbid0fcCzKwxQdakzjMPFqY73iQvMLYwvo24bBp5jcfg1dvBbyUBqb9m2fAGu5Fve5Pbsl,1,0,"I-80 westbound is currently closed due to multiple spin outs between Truckee and Nyack. 

Chain Control:

I-80 is R2 Colfax to the Nevada State Line. 

Trucks are Maximum. 

SR-89 is R2 Picketts Junction to US-50. 
R2 US-50 to Squaw Valley. 
R1 Squaw to I-80. 

SR-267 is R1 Truckee to Northstar. 
R2 Northstar to Kings Beach. 

SR-28 is R2 Tahoe City to Lardin Way. 

SR-20 is R2 from Nevada City to I-80. 

SR-88 is R1 Dew Drop to Hams Station. 
R2 Hams Station fo Picketts Junction. 

US-50 is R2 9 miles east of Placerville to Meyers."
2019-11-27 15:49:17+00:00,2019-11-27 17:00:00+00:00,True,2437814109763879,https://www.facebook.com/chp.truckee/posts/pfbid0hRNoy7mNemsB6xEWcF3fqkXieEy4DyPXV3SRN8TdjdbLzTYPeJLtPkKHibr3LWzTl,1,0,"I-80 westbound is currently closed due to multiple spin outs between Truckee and Nyack. 

Chain Control update:

I-80 is R2 Colfax to the Nevada State Line. 

Trucks are Maximum. 

SR-89 is R2 Picketts Junction to US-50. 
R2 US-50 to Squaw Valley. 
R1 Squaw to I-80. 

SR-267 is R1 Truckee to Northstar. 
R2 Northstar to Kings Beach. 

SR-28 is R2 Tahoe City to State Line. 

SR-20 is Closed Nevada City to I-80. 

SR-88 is R2 Pine Grove to Woodfords. 

US-50 is R2 4 miles east of Placerville to Meyers."
2019-11-27 17:00:17+00:00,,False,2437866006425356,https://www.facebook.com/chp.truckee/posts/pfbid02YGWGgj6kQyoG4zudsw6rRLK5ocYnMNjEvDaG4DTHWqUzE1tZFi4Uwk2Msbf99etol,1,1,"I-80 is currently closed to all Truck Traffic from Colfax to the Nevada State line. 

Chain Control update:

I-80 is R2 Alta to the Nevada State Line. 

Trucks are Maximum. 

SR-89 is R2 Picketts Junction to US-50. 
R2 US-50 to Squaw Valley. 
R1 Squaw to I-80. 

SR-267 is R1 Truckee to Northstar. 
R2 Northstar to Kings Beach. 

SR-28 is R2 Tahoe City to Lardin. 
R1 Lardin to State line. 

SR-20 is Closed To truck traffic. 
R2 Nevada City to I-80 for cars. 

SR-88 is R2 Pine Grove to Woodfords. 

US-50 is R2 4 miles east of Placerville to Meyers."
2019-11-27 19:22:33+00:00,,False,2437956899749600,https://www.facebook.com/chp.truckee/posts/pfbid0iM7EJq6VQmLZp887JejYycDzmGuqRecRHqqexQCUPa7r5uBB846MJ5bc52E3B7fWl,0,0,"Just some info for everyone, as we all seem to forget what the different level of chain controls are in California.

Requirement 1 (R-1): Chains are required on all vehicles except passenger vehicles and light-duty trucks under 6,000 pounds gross weight and equipped with snow tires on at least two drive wheels. Chains must be carried by vehicles using snow tires. All vehicles towing trailers must have chains on one drive axle. Trailers with brakes must have chains on at least one axle.

Requirement 2 (R-2): Chains are required on all vehicles except four-wheel-drive vehicles under 6,500 pounds gross weight and equipped with snow tires on all four wheels. Chains for one set of drive wheels must be carried by four wheel-drive vehicles using snow tires.

Requirement 3 (R-3): Chains are required on all vehicles without exception.

R-1 and R-2 are the most common conditions. A highway will often be closed before an R-3 condition is imposed. Some local areas may use variations of these designations. You must follow the directions on the signs posted for chain controls or any instructions given by Caltrans or CHP personnel at chain control check points, even if these are at variance with broadcast road condition reports or information contained herein.

"
2019-11-28 01:13:29+00:00,,False,2438202626391694,https://www.facebook.com/chp.truckee/posts/pfbid02pMvZWvpVByqchgdzbvbxMxswRiSWpd6Hu3xYqe33UWX6qxhVBVAGZUB16jvyGT2cl,1,1,"I-80 westbound trucks released at the Nevada State Line. 

I-80 eastbound is currently closed to all Truck Traffic from Applegate to the Nevada State line. 

Chain Control update:

I-80 eastbound is R2 Cisco to Boca. 
I-80 westbound is R2 Truckee to Cisco. 

Trucks are Maximum. 

SR-89 is R2 Picketts Junction to US-50. 
R2 US-50 to Tahoe City. 
R1 Squaw to I-80. 
R1 Truckee to Sierraville. 

SR-267 no controls. 

SR-28 no controls. 

SR-20 is Closed To truck traffic. 
R2 Nevada City to I-80 for cars. 

SR-88 is R2 Dew Drop to Picketts. 

US-50 is R2 3 miles east of Kyburz to Meyers."
2019-11-28 01:13:44+00:00,,False,2438202949724995,https://www.facebook.com/chp.truckee/posts/pfbid0v4PsMRYfsJj8YTWaUjevYD3LsAxcxFYHY27RaqzURsDH5VdtxHEub9DZvPqjPpLWl,1,1,"I-80 westbound trucks released at the Nevada State Line. 

I-80 eastbound is currently closed to all Truck Traffic from Applegate to the Nevada State line. 

Chain Control update:

I-80 eastbound is R2 Cisco to Boca. 
I-80 westbound is R2 Truckee to Cisco. 

Trucks are Maximum. 

SR-89 is R2 Picketts Junction to US-50. 
R2 US-50 to Tahoe City. 
R1 Squaw to I-80. 
R1 Truckee to Sierraville. 

SR-267 no controls. 

SR-28 no controls. 

SR-20 is Closed To truck traffic. 
R2 Nevada City to I-80 for cars. 

SR-88 is R2 Dew Drop to Picketts. 

US-50 is R2 3 miles east of Kyburz to Meyers."
2019-11-30 02:11:35+00:00,2019-11-30 15:36:00+00:00,True,2440102502868373,https://www.facebook.com/chp.truckee/posts/pfbid0rDc9sDXXqQdycK8ytod5cHGrQ7ydi5oJF8RF4zSGm3c7otiHxeyWEcfRsAZzWiexl,1,0,"Traffic Alert:

I-80 westbound is closed due to multiple jack knifed big rigs in the Gold Run CHP area. 

All traffic is being turned around on Truckee and at the Nevada State Line. 

We will let you know when it reopens."
2019-12-01 02:25:23+00:00,,False,2441003092778314,https://www.facebook.com/chp.truckee/posts/pfbid0xR1wExijFshcDGbnCdQmEMCemK5KVTee8YNUQXPC8Vp8MREqQj9mropuhHViMGU6l,1,1,"Chain Control:

I-80 is R2 Nyack to Truckee in both directions. 

I-80 is closed to all truck traffic. All trucks are being turn at the Nevada State line and Applegate. 

SR-89 is R2 Bliss State Park to Sugar Pine State Park. 

SR-267 no controls. 

SR-28 No controls. 

SR-20 is Closed to all trucks. 

US-50 Twin Bridges to Meyers. 

SR-88 is R1 Dew Drop to Hams Station. 
R2 Dew Drop to Picketts Junction."
2019-12-01 17:41:21+00:00,,False,2441616349383655,https://www.facebook.com/chp.truckee/posts/pfbid02qyBvzmivBM2bfgJmesLY2Qq7Eeqj8k4MGAaTAtKecrcMSNHthqFmujM9emhN1AyUl,1,1,"Chain Control:

I-80 is R2 Kingvale to the Nevada State Line in both directions. 

I-80 is closed to all truck traffic. All trucks are being turn at the Nevada State line and Applegate. 

SR-89 is R2 Markleeville to Woodfords. 
R2 Picketts Junction to Bliss State Park. 
R2 Bliss State Park to Tahoe City. 
R1 Truckee to Sierraville. 

SR-267 is R2 Northstar to Kings Beach. 

SR-28 No controls. 

SR-20 is Closed to all trucks. 

US-50 Twin Bridges to Meyers. 

SR-88 is R2 Hams Station to Silver Lake. 
R2 Kirkwood to Picketts Junction.
R2 Picketts Junction to Woodfords."
2019-12-01 19:46:26+00:00,,False,2441704432708180,https://www.facebook.com/chp.truckee/posts/pfbid0mbc32dmVmqXfE6ooqwRwWCXX9oWDoNpPrndrmqfEWYQYYvcS8RHsKQ2HKAXqkQFcl,1,1,"Please slow down out there. Caltrans District 3 is out on foot working to unclog drains and with the snow and water on the road it‚Äôs extremely dangerous. 

Chain Control:

I-80 is R2 Kingvale to the Nevada State Line in both directions. 

I-80 eastbound has reopened to trucks. Chain requirements are minimum. 

I-80 is closed to all westbound truck traffic. All westbound trucks are being turn at the Nevada State line. 

SR-89 is R2 Markleeville to Woodfords. 
R2 Picketts Junction to Bliss State Park. 
R2 Bliss State Park to Tahoe City. 
R1 Truckee to Sierraville. 

SR-267 is R2 Northstar to Kings Beach. 

SR-28 No controls. 

SR-20 is Closed to all trucks. 

US-50 Twin Bridges to Meyers. 

SR-88 is R2 Hams Station to Silver Lake. 
R2 Kirkwood to Picketts Junction.
R2 Picketts Junction to Woodfords."
2019-12-02 00:52:28+00:00,,False,2441882396023717,https://www.facebook.com/chp.truckee/posts/pfbid04vZH4ojn4jkdfYHKBrzaC9GABpzvbLBRHBUJ1nrPKW27UYkMqiMWGPwHniUP7cg9l,1,1,"Chain Control:

I-80 is R2 Kingvale to Truckee in both directions. 

I-80 eastbound has reopened to trucks. Chain requirements are maximum. 

I-80 is closed to all westbound truck traffic. All westbound trucks are being turn at the Nevada State line. 

SR-89 is R2 Markleeville to Woodfords. 
R2 Picketts Junction to Bliss State Park. 
R2 Bliss State Park to Squaw Valley. 
R1 Truckee to Sierra County Line. 

SR-267 is R2 Northstar to Kings Beach. 

SR-28 Is R2 Tahoe City to Lardin Way. 

SR-20 no controls. 

US-50 Twin Bridges to Meyers. 

SR-88 is R2 Hams Station to Silver Lake. 
R2 Kirkwood to Picketts Junction.
R2 Picketts Junction to Woodfords."
2019-12-02 16:16:19+00:00,,False,2442466789298611,https://www.facebook.com/chp.truckee/posts/pfbid02by6wty9tfSHKt1jtvBWpngVFjouQ8BwGhj6H7xJnzRqQnDf5B4ydCHPeMZhRsRprl,1,1,"Chain Control:

I-80 is R2 Kingvale to Truckee in both directions. 

Trucks are maximum. 

SR-89 is R2 Markleeville to Woodfords. 
R2 Picketts Junction to Bliss State Park. 
R1 Bliss State Park to I-80. 
R1 Truckee to Sierra County Line. 

SR-267 is R2 Northstar to Kings Beach. 

SR-28 Is R1 Tahoe City to The Nevada State Line. 

SR-20 no controls. 

US-50 Twin Bridges to Meyers. 

SR-88 is closed over Carson pass. 
R2 Hams Station to Silver Lake. 
R2 Picketts Junction to Woodfords."
2019-12-07 08:54:46+00:00,,False,2446841805527776,https://www.facebook.com/chp.truckee/posts/pfbid022itXfRuyXjHjvX8inTgqckiPSut2rtfEj3udXtzphLvK8k8Dr91wGLL3LxLH2Yhwl,1,1,"Chain Control Update:

I-80 is R2 Donner Lake Rd to Rainbow in both directions. 

Trucks are maximum. 

Westbound 80 traffic is currently being turned at Donner Lake due to spin outs. Should be reopening shortly."
2020-01-16 21:54:09+00:00,,False,2486841318194491,https://www.facebook.com/chp.truckee/posts/pfbid0GWkDfTmi24dDdzzEo4EhHsCtPG3p9m382wxCZiPEEWVdjyVfZ6XRdegVXRhVjACUl,1,1,"I-80 has been closed to trucks in both directions. 

Chain control Update:

I-80 is R2 The Nevada State Line to Colfax in both directions. 

SR-89 is R2 Picketts Junction to Squaw Valley. 
R1 Squw Valley to Truckee. 
R1 Truckee to Plumas County Line. 

SR-267 is R1 Truckee to Northstar. 
R2 Northstar to Kings Beach. 

SR-28 is R2 Tahoe City to Lardin Way. 
R1 Lardin to State Line. 

SR-20 is R2 Nevada City to I-80. 

US-50 is R2 Placerville to Meyers. 

SR-88 is R2 Pine Grove to Woodfords."
2020-01-16 23:05:00+00:00,,False,2486882144857075,https://www.facebook.com/chp.truckee/posts/pfbid02CaVghRqUTN8vthNqhdFq1ZGDGiSYc5gfyRzUuAHDjXrNMfbXUxh6C1SK7SLd2HTtl,1,1,"I-80 has been closed to trucks in both directions. 

SR-89 is closed at emerald bay. Take the East Shore to get around Lake Tahoe. 

Chain control Update:

I-80 is R2 The Nevada State Line to Colfax in both directions. 

SR-89 is R2 Woodfords to Markleeville. 
R2 Picketts Junction to Squaw Valley. 
R1 Squw Valley to Truckee. 
R1 Truckee to Plumas County Line. 

SR-267 is R1 Truckee to Northstar. 
R2 Northstar to Kings Beach. 

SR-28 is R2 Tahoe City to Lardin Way. 
R1 Lardin to State Line. 

SR-20 is R2 Nevada City to I-80. 

US-50 is R2 Placerville to Meyers. 

SR-88 is R2 Pine Grove to Woodfords."
2020-01-29 04:46:50+00:00,,False,2496566723888617,https://www.facebook.com/chp.truckee/posts/pfbid02ewSKQ1mMU9v9sJ1UtzssZSm8kZTf2xXWYiJFu7pdiwusY6RUqdz5DcQA5xVLUPJWl,0,1,"Traffic Alert:

I-80 eastbound is currently closed at Hirschdale due to an overturned tractor trailer. Thankfully no one was hurt. 

There is no estimated time of reopening."
2020-02-24 04:12:24+00:00,,False,2517105771834712,https://www.facebook.com/chp.truckee/posts/pfbid0o8W4dc83UANwcasvioQZuYxMY6vVo2bcC1rJYLDMMz7PvUqFTTP8VPHHRkTW1WuUl,0,1,"Update 8:20pm. We are now escorting traffic on I-80 eastbound from Hirschdale. Expect a slow go for a bit. 

Traffic Alert:

I-80 eastbound is currently closed at Hirschdale due to a multiple car collision at Floriston. 

We are hoping to have the freeway open again shortly. We will keep you up to date as we get closer to opening."
2020-03-01 03:21:23+00:00,,False,2521681951377094,https://www.facebook.com/chp.truckee/posts/pfbid02czjQudEqZ1n28uHWwmUhzkXP9G46HnmB5D25TXRAZSb6QfcyeSEctbbwoykGZDJRl,1,0,"That‚Äôs Hot!!!!

Thankfully no one was hurt in this. However, the right lane of I-80 westbound, west of Hirschdale will be closed during the cleanup."
2020-03-14 20:58:25+00:00,2020-03-14 21:14:00+00:00,True,2532295346982421,https://www.facebook.com/chp.truckee/posts/pfbid02JCbZkbUWZp1xyJrHYV35krdKxKeM6GeLNMqVYWk1xjELucskccFU68ycg3WrcWUFl,1,1,"Traffic alert:

Currently holding all traffic eastbound I-80 at Castle Peak due to spin outs. 

Chain Control:

I-80 is R2 Alta to Truckee in both directions. 

Trucks are maximum. 

Currently I-80 is closed over Donner Summit to all trucks with single drive axles pulling double trailers.  

SR-89 is R2 Picketts Junction to Bliss State Park. 
R1 Bliss State Park fo I-80. 
R1 Truckee to Sierraville. 
R1 Sattley to the Plumas County Line. 

SR-267 no controls. 

SR-28 no controls. 

SR-20 is R2 5 miles east of Nevada City to I-80. 

US-50 is R2 Twin Bridges to Meyers. 

SR-88 is R2 Cooks Station to Picketts Junction."
2020-03-14 21:14:37+00:00,,False,2532303470314942,https://www.facebook.com/chp.truckee/posts/pfbid02wk8uVb8oKzKZS8nW2ApKfFLGsjz8TKwjpHbUsy5SW8xd8Jgh9tt9iDJcFGuk14cjl,1,1,"And we‚Äôre moving again!  

Slow down, drive safely!

Chain Control:

I-80 is R2 Alta to Truckee in both directions. 

Trucks are maximum. 

Currently I-80 is closed over Donner Summit to all trucks with single drive axles pulling double trailers.  

SR-89 is R2 Picketts Junction to Bliss State Park. 
R1 Bliss State Park fo I-80. 
R1 Truckee to Sierraville. 
R1 Sattley to the Plumas County Line. 

SR-267 no controls. 

SR-28 no controls. 

SR-20 is R2 5 miles east of Nevada City to I-80. 

US-50 is R2 Twin Bridges to Meyers. 

SR-88 is R2 Cooks Station to Picketts Junction."
2020-03-14 21:42:08+00:00,2020-03-15 00:40:00+00:00,True,2532324323646190,https://www.facebook.com/chp.truckee/posts/pfbid02wEQG2NsYab1MqFddVrU2MZYNYVs6PUk5LUDEAChB6a9n5gMjUAyDkHJsr8dpZn9l,1,1,"Well that didn‚Äôt last long!  

Not the best pic but all traffic is currently being held due to multiple spin outs. 

Eastbound is being held at Alta and westbound in Truckee. 

I-80 is also currently closed to all trucks until further notice. 

Be safe."
2020-03-15 00:40:31+00:00,,False,2532442620301027,https://www.facebook.com/chp.truckee/posts/pfbid02Vn2AfqE229gd6fkWFj4UQAXpE8Fqzx41cQXXtipTpWbGwgTiF9jNko5yCXh7hkAkl,1,1,"Let‚Äôs try this again!!!

I-80 has reopened to vehicle traffic, however remains closed to all trucks. 

Slow down, drive safely!

Chain Control:

I-80 is R2 Alta to The Nevada State Line in both directions. 

SR-89 is R2 Picketts Junction to Bliss State Park. 
R1 Bliss State Park fo I-80. 
R1 Truckee to Sierraville. 
R1 Sattley to the Plumas County Line. 

SR-267 is R2 Northstar to Kings Beach. 

SR-28 no controls. 

SR-20 is R2 5 miles east of Nevada City to I-80. 

US-50 is R2 Kyburz to Meyers. 

SR-88 is R2 Cooks Station to Woodfords."
2020-03-15 03:54:36+00:00,,False,2532532443625378,https://www.facebook.com/chp.truckee/videos/2550188188419553/,0,0,"Ski resorts are closed...

Snow is coming down...

Coronavirus precautions coming in from everywhere....

But look at the bright side, you are probably having a better day than this guy!  üòÇ"
2020-03-15 05:07:39+00:00,2020-03-15 15:15:00+00:00,True,2532571543621468,https://www.facebook.com/chp.truckee/posts/pfbid0T2gdC8Ku8BDsFmJKahf3eZH2xVDr8JGeveeABdJZC51zAfAZtkhokVwFZXdD5X1Bl,1,1,"Traffic Alert:

I-80 is closed to all traffic between Alta and the Nevada State Line due heavy snow, low visibility, and poor traction. 

At this time there is no estimated time of reopening."
2020-03-15 14:10:24+00:00,2020-03-15 15:15:00+00:00,True,2532875463591076,https://www.facebook.com/chp.truckee/posts/pfbid0313N4nTgAuEinyrJf9U4YFTyzXQpuFXksk3LnVtUeo2yi94dNXDKbLScsuFaboDWyl,1,1,"Traffic Update:

I-80 remains closed at this hour due to heavy snow between Colfax and the Nevada State Line. 

To give you reference, this picture was taken in town this morning and there was only dirt here on Friday. 

Chain Control:

SR-89 is R2 Picketts Junction to Bliss State Park. 
R2 Bliss State Park to Tahoe City. 
R1 Tahoe City to I-80. 
R2 Truckee to Sierra County Line. 
R1 Sierra County line to Plumas County Line. 

SR-267 is R1 Truckee to Northstar. 
R2 Northstar to Kings Beach. 

SR-28 R2 Tahoe City to Lardin way. 
R1 Lardin to Nevada State Line. 

SR-20 is R2 5 miles east of Nevada City to I-80. 

US-50 is R2 4 miles east of Placerville to Meyers. 

SR-88 is R2 Cooks Station to Woodfords."
2020-03-15 15:13:34+00:00,,False,2532920046919951,https://www.facebook.com/chp.truckee/posts/pfbid0VW5QpEHz57Y1pBTWSKSPXvdSTcUcTNTi8624M27Eqvt85XSU16J3eLUBHaqEyXTfl,1,1,"Traffic Update:

I-80 has reopened with chain controls, however remains closed to all truck traffic. 

Chain Control:

I-80 is R2 Colfax to the Nevada State Line in both directions. 

SR-89 is R2 Picketts Junction to Bliss State Park. 
R2 Bliss State Park to Tahoe City. 
R1 Tahoe City to I-80. 
R2 Truckee to Sierra County Line. 
R1 Sierra County line to Plumas County Line. 

SR-267 is R1 Truckee to Northstar. 
R2 Northstar to Kings Beach. 

SR-28 R2 Tahoe City to Lardin way. 
R1 Lardin to Nevada State Line. 

SR-20 is R2 5 miles east of Nevada City to I-80. 

US-50 is R2 4 miles east of Placerville to Meyers. 

SR-88 is R2 Cooks Station to Woodfords."
2020-03-15 17:21:34+00:00,2020-03-15 22:15:00+00:00,True,2533002463578376,https://www.facebook.com/chp.truckee/posts/pfbid0dkxpQvoiyPAJ3dNj4VoiCchaxpXKzKnEC8eCuB3Tx74vRdT85GR5ZU7Y8Pw7s4dnl,1,1,"Traffic Update:

I-80 has been closed due to visibility. 

Chain Control:

SR-89 is R2 Picketts Junction to Bliss State Park. 
R2 Bliss State Park to Tahoe City. 
R1 Tahoe City to I-80. 
R2 Truckee to Sierra County Line. 
R1 Sierra County line to Plumas County Line. 

SR-267 is R2 Northstar to Kings Beach. 

SR-28 R2 Tahoe City to Lardin way. 
R1 Lardin to Nevada State Line. 

SR-20 is R2 5 miles east of Nevada City to I-80. 

US-50 is R2 4 miles east of Placerville to Meyers. 

SR-88 is R2 Dew Drop to Woodfords."
2020-03-15 22:14:02+00:00,,False,2533158430229446,https://www.facebook.com/chp.truckee/posts/pfbid02updgDRuod7b4LMwHLNK7FL4dGhAQeqkRA9tCjJdMd2mtM9FtmVxJhA4RA6GTXbv2l,1,1,"Good News....

I-80 has reopened.... for now. Slow down and drive safely. 

I-80 is R2 Truckee to Colfax. 

I-80 remains closed to trucks at this time."
2020-03-16 00:55:06+00:00,,False,2533233083555314,https://www.facebook.com/chp.truckee/posts/pfbid02AzKf3cUnkV3zcBWq1CpwdexGv9txG996qigU3ji8vHqvy2TNDGCyh9eAdziLwBYjl,1,1,"Chain Control:

I-80 is R2 Colfax to Truckee in both directions. 

I-80 remains closed to truck traffic. 

SR-89 is R2 Picketts Junction to Bliss State Park. 
R2 Bliss State Park to Tahoe City. 
R1 Tahoe City to I-80. 
R2 Truckee to Sierra County Line. 
R1 Sierra County line to Plumas County Line. 

SR-267 is R2 Northstar to Kings Beach. 

SR-28 R2 Tahoe City to Lardin way. 
R1 Lardin to Nevada State Line. 

SR-20 is R2 5 miles east of Nevada City to I-80. 

US-50 is R2 3 miles east of Placerville to Meyers. 

SR-88 is R2 Dew Drop to Woodfords."
2020-03-16 15:19:51+00:00,,False,2533693640175925,https://www.facebook.com/chp.truckee/posts/pfbid02QRY2VBEYzNpK4AcNaXKndUaNLPwNYuQCsCwNGiopZ9iLfSuP4yem1wEXpGn7mC2ol,1,1,"Chain Control:

I-80 is R2 Colfax to The Nevada State Line in both directions. 

Trucks are Maximum. 

SR-89 is R2 Woodfords to Picketts Junction. 
R2 Picketts Junction to Tahoe City. 
R1 Tahoe City to I-80. 
R2 Truckee to Sierra County Line. 
R1 Sierra County Line to the Plumas County Line. 

SR-267 is R2 Truckee to Kings Beach. 

SR-28 is R2 Tahoe City to Lardin Way. 
R1 Lardin Way to State Line. 

SR-20 is closed due to heavy snow and down trees. 

US-50 is R2 3 miles east of Placerville to Meyers. 

SR-88 is R2 Pine Grove to Silver Lake. 
R2 Kirkwood to Woodfords."
2020-03-16 17:04:27+00:00,,False,2533761146835841,https://www.facebook.com/chp.truckee/posts/pfbid02W8syMJjsW6H5sBGHZjkz4qDMWVLgJfLQ3Ea33o9G6AuCUki8GY7zrE64P5U7X28yl,1,1,"Chain Control:

I-80 is R2 Colfax to The Nevada State Line in both directions. 

Trucks are Maximum. 

SR-89 is R2 Woodfords to Picketts Junction. 
R2 Picketts Junction to Tahoe City. 
R1 Tahoe City to I-80. 
R2 Truckee to Sierra County Line. 
R1 Sierra County Line to the Plumas County Line. 

SR-267 is R2 Truckee to Kings Beach. 

SR-28 is R2 Tahoe City to Lardin Way. 
R1 Lardin Way to State Line. 

SR-20 is closed due to heavy snow and down trees. 

US-50 is R2 3 miles east of Placerville to Meyers. 

SR-88 is R2 Pine Grove to Silver Lake. 
R2 Kirkwood to Woodfords."
2020-03-16 18:41:50+00:00,,False,2533824290162860,https://www.facebook.com/chp.truckee/posts/pfbid0XGdDGXzMp7nQpJQwRkP5sJLvk4x1JukdAZp7wcr5UhKxtRc1D8URDWvTr5VW4dBml,1,1,"Chain Control:

I-80 is R2 Alta to The Nevada State Line in both directions. 

Trucks are Maximum. 

SR-89 is R2 Woodfords to Picketts Junction. 
R2 Picketts Junction to Tahoe City. 
R1 Tahoe City to I-80. 
R2 Truckee to Sierra County Line. 
R1 Sierra County Line to the Plumas County Line. 

SR-267 is R2 Truckee to Kings Beach. 

SR-28 is R2 Tahoe City to Lardin Way. 
R1 Lardin Way to State Line. 

SR-20 is closed due to heavy snow and down trees. 

US-50 is R2 3 miles east of Placerville to Meyers. 

SR-88 is R2 Pine Grove to Silver Lake. 
R2 Kirkwood to Woodfords."
2020-03-16 19:57:11+00:00,2020-03-16 21:15:00+00:00,True,2533867566825199,https://www.facebook.com/chp.truckee/posts/pfbid0DyriMe1jX8bFonPvdTfX77FMMncs8W9UKnbrzQNaEVe7ZgrYq9qa8cVzrDAuwRuol,1,1,"Chain Control:

I-80 eastbound is R2 Nyack to Truckee. However traffic is currently being held at Boreal due to spin outs. 

I-80 westbound is R2 Truckee to Drum Forebay. Traffic is being held in Truckee due to spin outs. 

Trucks are Maximum. 

SR-89 is R2 Woodfords to Picketts Junction. 
R2 Picketts Junction to Tahoe City. 
R1 Tahoe City to I-80. 
R2 Truckee to Sierra County Line. 
R1 Sierra County Line to the Plumas County Line. 

SR-267 is R2 Truckee to Kings Beach. 

SR-28 is R2 Tahoe City to Lardin Way. 
R1 Lardin Way to State Line. 

SR-20 is closed due to heavy snow and down trees. 

US-50 is R2 4 miles east of Placerville to Meyers. 

SR-88 is R2 Pine Grove to Silver Lake. 
R2 Kirkwood to Woodfords.
Carson Spur is closed."
2020-03-16 21:14:20+00:00,,False,2533907456821210,https://www.facebook.com/chp.truckee/posts/pfbid02JP5eW3vsh2fSvdPipkSYnguQPU7qyzMtbw61CNQ2MqsHjXWBPa3BoJ5N3TpLuxFsl,1,1,"And people wonder why there are so many wrecks in a snowstorm. ü§¶‚Äç‚ôÇÔ∏è come on man!!!!

 Chain Control Update:

I-80 eastbound is R2 Kingvale to Truckee. 

I-80 westbound is R2 Truckee to Eagle Lakes. 

Trucks are Minimum. 

SR-89 is R2 Woodfords to Picketts Junction. 
R2 Picketts Junction to Tahoe City. 
R1 Tahoe City to I-80. 
R2 Truckee to Sierra County Line. 
R1 Sierra County Line to the Plumas County Line. 

SR-267 is R2 Truckee to Kings Beach. 

SR-28 is R2 Tahoe City to Lardin Way. 
R1 Lardin Way to State Line. 

SR-20 is closed due to heavy snow and down trees. 

US-50 is R2 4 miles east of Placerville to Meyers. 

SR-88 is R2 Pine Grove to Silver Lake. 
R2 Kirkwood to Woodfords.
Carson Spur is closed."
2020-03-17 00:57:53+00:00,,False,2534028856809070,https://www.facebook.com/chp.truckee/posts/pfbid035sGauu4YK8TpRpvkmb4orCxJFE4qL4k2wE5PgaPuCHpjHKCJbAytV4H6b2w7P1dsl,1,1,"Chain Control Update:

I-80 is R2 Kingvale to Truckee in both directions. 

Trucks are Minimum. 

SR-89 is R2 Woodfords to Picketts Junction. 
R2 Picketts Junction to Tahoe City. 
R1 Tahoe City to I-80. 
R2 Truckee to Sierra County Line. 
R1 Sierra County Line to the Plumas County Line. 

SR-267 is R2 Truckee to Kings Beach. 

SR-28 is R2 Tahoe City to Lardin Way. 
R1 Lardin Way to State Line. 

SR-20 is closed due to heavy snow and down trees. 

US-50 is R2 Twin Bridges to Meyers. 

SR-88 is R2 Dew Drop to Picketts Junction. 
Carson Spur is closed."
2020-03-17 02:08:57+00:00,,False,2534065680138721,https://www.facebook.com/chp.truckee/posts/pfbid02VHJFZJ6C2Df1QoCgFoHagLtkAgrFReigqxVfbtuDAJrExsYzFxnXdewPALv4uphvl,1,1,"Chain Control Update:

I-80 is R2 Drum Forebay to Truckee in both directions. 

Trucks are Minimum. 

SR-89 is R2 Woodfords to Picketts Junction. 
R2 Picketts Junction to Tahoe City. 
R1 Tahoe City to I-80. 
R2 Truckee to Sierra County Line. 
R1 Sierra County Line to the Plumas County Line. 

SR-267 is R2 Truckee to Kings Beach. 

SR-28 is R2 Tahoe City to Lardin Way. 
R1 Lardin Way to State Line. 

SR-20 is closed due to heavy snow and down trees. 

US-50 is R2 Twin Bridges to Meyers. 

SR-88 is R2 Dew Drop to Picketts Junction. 
Carson Spur is closed."
2020-03-17 04:39:20+00:00,,False,2534138386798117,https://www.facebook.com/chp.truckee/posts/pfbid02jZsitwGHZX7e2NTbCUrstriPVXWFwDXXiAZAqmMUr7A97pR2iJNjGKmwhfmbSPX9l,1,1,"Currently Cal Trans is holding traffic westbound at the State Line, and Eastbound at Boreal due to spin outs. 

Chain Control Update:

I-80 is R2 Drum Forebay to The Nevada State Line in both directions. 

Trucks are Maximum. 

SR-89 is R2 Woodfords to Picketts Junction. 
R2 Picketts Junction to Tahoe City. 
R1 Tahoe City to I-80. 
R2 Truckee to Sierra County Line. 
R1 Sierra County Line to the Plumas County Line. 

SR-267 is R2 Truckee to Kings Beach. 

SR-28 is R2 Tahoe City to Lardin Way. 
R1 Lardin Way to State Line. 

SR-20 is closed due to heavy snow and down trees. 

US-50 is R2 Kyburz to Meyers. 

SR-88 is R2 Pine Grove to Woodfords. 
Carson Spur is closed."
2020-03-17 05:51:00+00:00,,False,2534170823461540,https://www.facebook.com/chp.truckee/posts/pfbid0nZjonohexRzTrPpLuPSjthDFhf6LT8YdDtgK4qvzGk8VoCou7jXX2duvEmE1hJohl,1,1,"Traffic Alert:

I-80 has closed between Colfax and the Nevada State Line in both directions due to multiple jack knifed big rigs. 

There is no estimated time of reopening."
2020-03-17 15:39:53+00:00,,False,2534519716759984,https://www.facebook.com/chp.truckee/posts/pfbid0r834UQkpomWVE8A3CvPgLRpwwK836uTsQ3PBs2xkGYycBgrPf1jhMAsE7WVYrWvjl,1,1,"Chain Control Update:

I-80 is R2 Drum Forebay to The Nevada State Line in both directions. 

Trucks are Maximum. 

SR-89 is R2 Woodfords to Picketts Junction. 
R2 Picketts Junction to Tahoe City. 
R1 Tahoe City to I-80. 
R2 Truckee to Sierra County Line. 
R1 Sierra County Line to the Plumas County Line. 

SR-267 is R2 Truckee to Kings Beach. 

SR-28 is R2 Tahoe City to Lardin Way. 
R1 Lardin Way to State Line. 

SR-20 is closed due to heavy snow and down trees. 

US-50 is R2 Kyburz to Meyers. 

SR-88 is R2 Pine Grove to Woodfords. 
Carson Spur is closed."
2020-03-17 17:04:05+00:00,,False,2534569920088297,https://www.facebook.com/chp.truckee/posts/pfbid0eLbkKMGJumZjHJjbpMqux3ZP4eTRNC8KrhEKMZ6Rb9PPxJ7aZqaSuc8FnVrUosEal,1,1,"Chain Control Update:

I-80 is R2 Nyack to The Nevada State Line in both directions. 

Trucks are Maximum. 

SR-89 is R2 Woodfords to Picketts Junction. 
R2 Picketts Junction to Tahoe City. 
R1 Tahoe City to I-80. 
R2 Truckee to Sierra County Line. 
R1 Sierra County Line to the Plumas County Line. 

SR-267 is R2 Truckee to Kings Beach. 

SR-28 is R2 Tahoe City to Lardin Way. 
R1 Lardin Way to State Line. 

SR-20 is closed due to heavy snow and down trees. 

US-50 is R2 Kyburz to Meyers. 

SR-88 is R2 Pine Grove to Woodfords. 
Carson Spur is closed."
2020-03-17 18:14:37+00:00,,False,2534611726750783,https://www.facebook.com/chp.truckee/posts/pfbid02TN1jv1ewrRJqPEdF8KuSAD2v8L6V48y7zKQyxfZMGCj6qQhpvX39Jsf54JwVNRpsl,1,1,"Chain Control Update:

I-80 is R2 Kingvale to The Nevada State Line in both directions. 

Trucks are Maximum. 

SR-89 is R2 Woodfords to Picketts Junction. 
R2 Picketts Junction to Tahoe City. 
R1 Tahoe City to I-80. 
R2 Truckee to Sierra County Line. 
R1 Sierra County Line to the Plumas County Line. 

SR-267 is R2 Truckee to Kings Beach. 

SR-28 is R2 Tahoe City to Lardin Way. 
R1 Lardin Way to State Line. 

SR-20 is closed due to heavy snow and down trees. 

US-50 is R2 Twin Bridges to Meyers. 

SR-88 is R2 Pine Grove to Woodfords. 
Carson Spur is closed."
2020-03-17 20:41:50+00:00,,False,2534701490075140,https://www.facebook.com/chp.truckee/posts/pfbid02FGtEsecjsyBAdfy2wk1tiCGdFWA67uTDmfY2Y7CwK5giyxFjXtFaeYUZA7ZEBswAl,1,1,"Chain Control Update:

I-80 is R2 Kingvale to Truckee in both directions. 

Trucks are Minimum. 

SR-89 is R2 Bliss State Park to Squaw Valley. 
R1 Sierra County Line to Sierraville. 

SR-267 is R2 Truckee to Northstar. 

SR-28 no controls. 

SR-20 is closed due to heavy snow and down trees. 

US-50 no controls. 

SR-88 no controls."
2020-03-26 01:46:15+00:00,,False,2541479936063962,https://www.facebook.com/chp.truckee/posts/pfbid023qKixEr777MKqUnap56eZKJDvo8GTyyaqsuF9TzAYVnaVF2EEAkMh7xk3vwfN9Hil,1,1,"Traffic alert:

Current I-80 westbound is closed at Donner Lake Rd due to big rig spin outs. 

Chain Control:

I-80 eastbound is R2 Nyack to Donner Lake Rd. 

I-80 westbound when it reopens will be R2 Donner Lake Rd to Rain now. 

Trucks are minimum"
2020-03-26 03:38:49+00:00,2020-03-26 05:45:00+00:00,True,2541536859391603,https://www.facebook.com/chp.truckee/posts/pfbid0XY2LF7QaiGdQQ71X89ti6hQwJpTPj3k72GWZSsQUuGzbfidMydoTSbLdvhbNJ42gl,1,1,"Traffic Update:

I-80 westbound remains closed due to spin outs. 

I-80 eastbound has traffic being held at Alta due to spin outs. 

We will keep you up to date as things change."
2020-03-26 05:00:32+00:00,,False,2541579732720649,https://www.facebook.com/chp.truckee/posts/pfbid02eP7Nenixq8LWB2WUzqxHJfqQ4MBD15ciXg3NNbjTHXYM2EURXfTUC5C4uismEx1ul,1,1,"Traffic update:

I-80 westbound has reopened at Donner Lake Rd. 

I-80 eastbound remains closed at Colfax. 

Chain Control:

I-80 westbound is R2 Donner Lake Rd to Alta. 

Trucks are minimum."
2020-04-05 17:29:49+00:00,,False,2550142838531005,https://www.facebook.com/chp.truckee/posts/pfbid0uoYRHruKcQSnT2eREJmTqw5dbZe4D5bCa4BiBw9dcozs85SGimfd3uQo5xWx8RVcl,1,1,"Chain Control:

I-80 is R2 Drum Forebay to Truckee in both directions. 

Trucks are maximum. 

SR-89 is R2 Picketts Junction to Bliss State Park. 
R1 Bliss State Park to I-80. 
R1 Truckee to the Plumas County Line. 

SR-267 is R1 Truckee to Northstar. 
R2 Northstar to Kings Beach. 

SR-28 is R2 Tahoe City to Lardin way. 
R1 Lardin to the Nevada State Line. 

SR-20 is R2 9 miles east of Nevada City to I-80. 

US-50 is R2 Kyburz to Meyers. 

SR-88 is R2 Hams Station to Picketts Junctions.
Carson Spur is closed."
2020-04-05 20:16:46+00:00,,False,2550240408521248,https://www.facebook.com/chp.truckee/posts/pfbid0wLDn8RkKSsWNs3KFZ72MwNkmhkxGrapZqLXxfQQ4wXQpYaHmt8tKh1QUDAXoPdk2l,1,1,"Chain Control:

I-80 is R2 Nyack to Truckee in both directions. 

Trucks are maximum. 

SR-89 is R2 Picketts Junction to Bliss State Park. 
R1 Bliss State Park to I-80. 
R1 Truckee to Sierraville. 

SR-267 is R2 Northstar to Kings Beach. 

SR-28 is R2 Tahoe City to Lardin way. 
R1 Lardin to the Nevada State Line. 

SR-20 is R2 Washington Rd to I-80. 

US-50 is R2 Twin Bridges to Meyers. 

SR-88 is R2 Hams Station to Picketts Junctions.
Carson Spur is closed."
2020-04-05 21:35:27+00:00,,False,2550283791850243,https://www.facebook.com/chp.truckee/posts/pfbid02REiRHxvHt6jm1Yjk1yCQEMv8yoiHMT1AgGXKHQeCR8FvsTEhnZN2u7kMpxA9iKncl,1,1,"Chain Control:

I-80 is R2 Alta to Truckee in both directions. 

Trucks are minimum. 

SR-89 is R2 Picketts Junction to Bliss State Park. 
R1 Bliss State Park to Squaw Valley. 
R1 Truckee to Sierraville. 

SR-267 is R2 Northstar to Kings Beach. 

SR-28 is R2 Tahoe City to Lardin way. 
R1 Lardin to the Nevada State Line. 

SR-20 is R2 Washington Rd to I-80. 

US-50 is R2 Fred‚Äôs Place to Meyers. 

SR-88 is R2 Hams Station to Picketts Junctions.
Carson Spur is closed."
2020-04-06 01:36:18+00:00,,False,2550432141835408,https://www.facebook.com/chp.truckee/posts/pfbid0H6P88ebC7oBDqg8XfQssSjR3RjW3rz5aK9hRwui7ssF6yUcjTzwPiGfKAiqYonsql,1,1,"Chain Control:

I-80 is R2 Colfax to Truckee in both directions. 

Trucks are maximum. 

SR-89 is R2 Picketts Junction to Bliss State Park. 
R1 Bliss State Park to Squaw Valley. 
R1 Truckee to Sierraville. 
R1 Sattley to Plumas County Line. 

SR-267 is R1 Truckee to Northstar. 
R2 Northstar to Kings Beach. 

SR-28 is R2 Tahoe City to Lardin way. 
R1 Lardin to the Nevada State Line. 

SR-20 is R2 Washington Rd to I-80. 

US-50 is R2 Placerville to Echo Summit. 

SR-88 is Pine Grove to Woodfords.
Carson Spur is closed."
2020-04-06 05:33:01+00:00,,False,2550539598491329,https://www.facebook.com/chp.truckee/posts/pfbid02RBSPotH42r8UjYrCbkUsLEzXp1WmDibaAZ5ooxVa2nAmhtNxvH1F78JpDEBWZPAal,1,1,"Chain Control:

I-80 is R2 Alta to Truckee in both directions. 

Trucks are maximum. 

SR-89 is R2 Picketts Junction to Bliss State Park. 
R1 Bliss State Park to I-80. 
R1 Truckee to Plumas County Line. 

SR-267 is R1 Truckee to Northstar. 
R2 Northstar to Kings Beach. 

SR-28 is R2 Tahoe City to Lardin way. 
R1 Lardin to the Nevada State Line. 

SR-20 is R2 Nevada City to I-80. 

US-50 is R2 Placerville to Meyers. 

SR-88 is Pine Grove to Woodfords.
Carson Spur is closed."
2020-04-06 13:55:22+00:00,,False,2550795455132410,https://www.facebook.com/chp.truckee/posts/pfbid02WFDL7pshWHiEw4X7fm8Au1f4D4ULvVhUF6WeisdPd5XetcyFstADiXWUnr4nGmXal,1,1,"Chain Control:

I-80 is R2 Drum Forebay to The Nevada Stateline in both directions. 

Trucks are minimum. 

SR-89 is R2 Picketts Junction to Bliss State Park. 
R1 Bliss State Park to I-80. 
R2 Truckee to Plumas County Line. 

SR-267 is R1 Truckee to Northstar. 
R2 Northstar to Kings Beach. 

SR-28 is R2 Tahoe City to Lardin way. 
R1 Lardin to the Nevada State Line. 

SR-20 is R2 6 miles east of Nevada City to I-80. 

US-50 is R2 Kyburz to Meyers. 

SR-88 is Pine Grove to Woodfords.
Carson Spur is closed."
2020-04-06 15:08:44+00:00,,False,2550847885127167,https://www.facebook.com/chp.truckee/posts/pfbid02KAHyYikUCLL4b9c6UmuYWcVqTUgkX4MLJViG32QzoTTZkgLgVCdRUgWrnd7H82hfl,1,1,"Chain Control:

I-80 is R2 Nyack to the Nevada State line in both directions. 

Trucks are minimum. 

SR-89 is R2 Picketts Junction to US-50. 
Emerald Bay is closed. 
R1 Bliss to Truckee. 
R2 Truckee to Plumas County Line. 

SR-267 is R1 Truckee to Northstar. 
R2 Northstar to Kings Beach. 

SR-28 is R2 Tahoe City to Lardin Way. 
R1 Lardin to State Line. 

SR-20 is R2 6 miles East of Nevada City to I-80. 

US-50 is R2 Kyburz to Meyers. 

SR-88 is closed Silver Lake to Kirkwood due to snow. 
R2 Picketts to Woodfords."
2020-04-06 15:58:15+00:00,,False,2550883685123587,https://www.facebook.com/chp.truckee/posts/pfbid0J7FFTtPiWMrTunyGGEnigvbTUBhJtAKui6HMD22T1sfq5zctGMvmCw4ac3E5TCGYl,1,1,"Chain Control:

I-80 is R2 Kingvale to Truckee Eastbound. 
I-80 is R2 Truckee to Rainbow westbound. 

Trucks are minimum. 

SR-89 is R2 Picketts Junction to US-50. 
Emerald Bay is closed. 
R1 Bliss to Truckee. 
R2 Truckee to Plumas County Line. 

SR-267 no controls. 

SR-28 is R2 Tahoe City to Lardin Way. 
R1 Lardin to State Line. 

SR-20 is R2 Washington Rd. to I-80. 

US-50 is R2 Kyburz to Meyers. 

SR-88 is closed Silver Lake to Kirkwood due to snow. 
R2 Picketts to Woodfords."
2020-04-06 16:53:25+00:00,,False,2550921001786522,https://www.facebook.com/chp.truckee/posts/pfbid02Vq5XPWMi1sDCFSBxJJGG3PXXV1KDFz2NwYHA982AsjhNZsLcfcTiYY9n7xjPYtwAl,1,1,"Chain Control:

I-80 is R2 Kingvale to Donner Lake Rd in both directions. 

Trucks are minimum. 

SR-89 is R2 Picketts Junction to US-50. 
Emerald Bay is closed. 
R2 Bliss to Squaw Valley. 
R1 Truckee to Plumas County Line. 

SR-267 no controls. 

SR-28 is R2 Tahoe City to Lardin Way. 
R1 Lardin to State Line. 

SR-20 is R2 Washington Rd. to I-80. 

US-50 is R2 Kyburz to Meyers. 

SR-88 is R2 Dew Drop to Picketts."
2020-10-12 02:35:14+00:00,2020-10-12 05:15:00+00:00,True,2707697976108823,https://www.facebook.com/chp.truckee/posts/pfbid024BXYmjUQrYywMvVGb3kJ6C4tGkr5NEKWTJLELqBF7PueSwEqDVKFU9MqHwaDn7sql,1,0,"Traffic Alert:

I-80 westbound at Nevada stateline is closed due to a fatal traffic collision. The Nevada Highway Patrol is turning traffic around at Goldranch. We will update when I-80 westbound opens up."
2020-10-30 16:19:02+00:00,,False,2724444724434148,https://www.facebook.com/chp.truckee/videos/2427562000880191/,0,0,"Last night we had an early, but adorable trick-or-treater and his costume was unBEARably cute! üêª
The costume looked so real though... ü§∑‚Äç‚ôÇÔ∏èü§î

Unfortunately, our front office is closed due to Covid restrictions but give us a call during normal hours and we‚Äôll be more than happy to come outside and answer any questions or even hand out trick-or-treat candy üëªüßõüèª‚Äç‚ôÇÔ∏è

#chptruckee #truckee #happyhalloween #chpvalleydivision #bear #heybooboo #dontfeedthebears #ithinkhesmelledthedoughnuts"
2020-11-09 16:10:01+00:00,2020-11-09 18:16:00+00:00,True,2733651356846818,https://www.facebook.com/chp.truckee/posts/pfbid07jprvZRk8s5wFYRbPxRMh7QmY2Va9iHUwBaCZWfkJhCt95GZpxGM71M9Z1X5n9byl,0,1,"BE ADVISED:

I-80 eastbound traffic is being turned around at Hirschdale Rd. due to an overturned big rig blocking all lanes I-80 eastbound at Floriston Way. Expect delays and we will keep you updated.

#chptruckee #trafficalert"
2020-12-30 17:41:58+00:00,,False,2774099156135371,https://www.facebook.com/chp.truckee/posts/pfbid028bgNFU1J12xA5LQgmgPACM2Lz8z33nxeqaX9QodszspcHbbMWSTjM1gkGfZ4uQHl,0,0,"Just some info for everyone, as we get a lot of questions on what the different level of chain controls are in California. R-1 and R-2 are the most common conditions. A highway will often be closed before an R-3 condition is imposed. Some local areas may use variations of these designations. You must follow the directions on the signs posted for chain controls or any instructions given by Caltrans or CHP personnel at chain control check points, even if these are at variance with broadcast road condition reports or information contained herein. 

https://dot.ca.gov/travel/winter-driving-tips/chain-controls"
2021-01-22 17:59:27+00:00,2021-01-22 19:43:00+00:00,True,2790095201202433,https://www.facebook.com/chp.truckee/posts/pfbid0riL3YX2FzcnC2fhmn4Jsk585x7G5EXPpUhujXcrvp7cgfwGHeQiJAGt9i2QRxpp8l,1,1,"Well that didn‚Äôt take long... üò≥üò≥

Eastbound I-80 traffic is being turned around at Alta and westbound I-80 traffic is being turned around at Truckee/Donner Gate due to multiple spin-outs and traffic collisions over Donner Summit. 

#trafficupdate #chptruckee"
2021-01-22 19:43:44+00:00,,False,2790143124530974,https://www.facebook.com/chp.truckee/posts/pfbid0GKH72wtGhe7SVUxXuszmYv2G7GuDi4mD3RSnmSpw1mVHxSJ4LHjNEKuKTPkLkQdml,1,1,"TRAFFIC UPDATE: 

I-80 eastbound traffic has been released. However, R-2 chain restrictions are still in effect on I-80 eastbound from Alta to Donner Lake Interchange. I-80 westbound traffic is being held at the Nevada state line."
2021-01-24 02:03:55+00:00,,False,2790934601118493,https://www.facebook.com/chp.truckee/posts/pfbid038CMySbfkhtoUWy7nqivio1jgb6k1CrgfC5xAQ4sNvHFJxPin2VTpKqo7WG2Vi9aol,0,0,"Looks like Mother Nature is gonna SENDDD ITTT! ‚ùÑÔ∏è‚ùÑÔ∏è

We are expecting heavy snow tomorrow night, and then a more significant storm coming in Tuesday through Friday. If you are planning to travel through the area, plan wisely!! Be prepared for MAJOR travel delays, for chain control, and for possible road closures. Notice the possibility of 7 feet of snow... üò≥üôÄ

Make sure to check the Caltrans QuickMap App for the latest updates on road conditions and chain control: http://quickmap.dot.ca.gov

#chptruckee #truckee #winterstorm #planahead #sendit"
2021-01-25 01:38:22+00:00,,False,2791641247714495,https://www.facebook.com/chp.truckee/posts/pfbid0TDiNrbZ8tYcyDJSdnoq2ega3pB3ZGtzwLxiLth831MgeGpkezNM2CkD2iyncJbVcl,1,0,"TRAFFIC UPDATE:

I-80 westbound traffic is being turned around at the Nevada state line due to multiple crashes, spin outsÔøº, and a jackknifed big rig over Donner Summit. 

#chptruckee #trafficupdate"
2021-01-26 16:22:07+00:00,,False,2792738110938142,https://www.facebook.com/chp.truckee/posts/pfbid0cLQB1iE78JLyGxDZ5U98uMyT1Y659mSpPBLXzTJCRDtUBZ6KxkrfP8adipYUu8ral,0,0,"Hope you are enjoying the small break in the weather this morning because we are going to get a huge storm starting tonight until Friday. This storm will bring dangerous traveling conditions so expect major delays, possible road closures, and CHAIN CONTROL. Plan wisely!! 

** Make sure to check the Caltrans Quickmap for current road conditions:
http://quickmap.dot.ca.gov/

#chptruckee #trafficupdate #chaincontrol #itsgoingtobealongweek"
2021-01-28 16:30:01+00:00,,False,2794105140801439,https://www.facebook.com/chp.truckee/posts/pfbid0288YLWj9oeSAwqFPc8nCsPHLvorYaPFGY8x2DkzDKLt3UbXKHBsXSmhicoWn36AbFl,1,1,"We couldn‚Äôt find our office this morning ‚ùÑÔ∏èüòÇ

- R2 restrictions on I-80 in both directions from Alta to the Nevada state line.

- Big rigs are at maximum restrictions.
- Big rigs with doubles are being turned around on I-80 eastbound at Applegate and I-80 westbound at the Nevada state line. 

#chptruckee #trafficupdate #chaincontrol #dudewheresouroffice"
2021-01-28 18:44:29+00:00,,False,2794175650794388,https://www.facebook.com/chp.truckee/posts/pfbid02A1eDNRmkveaoms5ZGU5ie3f8syPQmazV2rgaoWMUc9t1iXrjdHNXAP8DKQS9JfTcl,0,1,"TRAFFIC ALERT:

I-80 eastbound traffic is being turned around at Big Bend due to a jackknifed Big Rig. 

#chptruckee #TrafficAlert"
2021-01-28 20:52:09+00:00,2021-01-29 14:51:00+00:00,True,2794240650787888,https://www.facebook.com/chp.truckee/posts/pfbid02JznvgKjBGQiGd9CMT9CsjgFueY4wmTDiCPs22788WaaPgTtnhojK19zetf7f5Vnal,1,1,"TRAFFIC UPDATE!

I-80 is CLOSED eastbound at Colfax and CLOSED westbound at the Nevada stateline due to multiple spin outs. 

#chptruckee #trafficalert"
2021-01-29 12:45:00+00:00,,False,2794688980743055,https://www.facebook.com/chp.truckee/posts/pfbid02yW2hegJXVpugujD9WsgguZMbjYQYtkXprzedEsbgRygZZDHnwu8dUXva5kusSsjXl,1,1,"UPDATE: 

- I-80 westbound is still closed to traffic over Donner Summit from Alta to the Nevada state line.

- I-80 eastbound is open to passenger vehicles only with R2 restrictions from Alta to the Nevada state line. Big rigs are still being turned around."
2021-01-29 14:51:55+00:00,,False,2794765527402067,https://www.facebook.com/chp.truckee/posts/pfbid023bLwxJExGpXQ9ooxgHqRtAAshPMtcH1SX7oVajSg161j5kf9FtiuYpJAfTdVMagGl,1,1,"UPDATE: 

- I-80 eastbound and westbound traffic is open to passenger vehicles only with R2 restrictions from Alta to the Nevada state line. Big rigs are still being turned around."
2021-03-20 21:54:08+00:00,,False,2829655917246361,https://www.facebook.com/chp.truckee/posts/pfbid028pQKEhdYVzLqwKwDhrVg8FtM74W8xY1iJdJGhqDy5Tud8ZPttZkHDiR9eNmqYvCSl,1,0,"*UPDATE, I-80 OPEN*

Westbound I-80 is closed due to a major injury accidents in the Gold Run area. Traffic being turned around at the Nevada State line and Truckee. Please make alternate plans for travel at this time."
2021-04-14 01:43:00+00:00,,False,2847245402154079,https://www.facebook.com/chp.truckee/posts/pfbid02udiHNQ5SdHyFpqY6EYtL5bs1gVqWQUM5kYT9DcZuHz2HgtfF3ZhpQzKDZGoVRYxfl,0,1,"*UPDATE Eastbound 80 is now open*

Eastbound Hwy 80 is closed. Traffic is being turned at Hirschdale Rd due to overturned big rig."
2021-10-03 00:08:25+00:00,,False,2971940009684617,https://www.facebook.com/chp.truckee/posts/pfbid0WQiWm9iTPQASBEWp8VV7RdEBigLQFAjouNuDy8EUBNP1GPCoMF6f5zhFqjVPnL3Vl,0,1,"Can‚Äôt go camping if you don‚Äôt make it there first!!! 

Slow down out there, remember towing in California, the speed limit is 55!!!

Expect a slow down on I-80 eastbound, east of SR-267 as we have lanes closed cleaning this up. Thankfully no one was hurt at this one."
2021-10-08 03:25:49+00:00,,False,2975360099342608,https://www.facebook.com/chp.truckee/posts/pfbid02karBcNpat2jqVWfS34KUBic3R1grQxwMMRAJYBb8XRxwgq1VtrhrWDiFqb7Mo7Sfl,0,1,"Who had the 8 pm hour in the squares bet?

I-80 eastbound at Donner Summit is currently closed due to a jackknifed big rig. There is no estimated time of reopening."
2021-10-18 06:40:56+00:00,2021-10-18 09:44:00+00:00,True,2983168361895115,https://www.facebook.com/chp.truckee/posts/pfbid0o48hKVw4LDJnzsttWa4jYtqQgs749JiddjLypdWE6AnY69XqoguJdqMF5tZcrsegl,1,1,"And we‚Äôre closed. 

I-80 eastbound and westbound is closed to all traffic from Truckee to Baxter due to heavy Snow and spin outs in the Gold Run area. 

Find an alternate route of trying to get over the mountains tonight."
2021-10-22 03:46:17+00:00,,False,2985908034954481,https://www.facebook.com/chp.truckee/posts/pfbid0HUYxqnoSaQna7QKAmqFXEzUXemW3Mm42re3EQjTPmAAQ9Gxan3ScWvh2UiJ1Rr9jl,0,1,"Traffic Alert‚Ä¶

I-80 eastbound is currently closed at Hirschdale due to multiple big rig collisions at Floriston. 

Currently there is no estimated time of reopening."
2021-10-24 19:17:02+00:00,2021-10-25 15:39:00+00:00,True,2987811288097489,https://www.facebook.com/chp.truckee/posts/pfbid02UieL6hRaSW75bA8wzXvfFSfgu79VAtcprQgUrdybbFCdhHwcQeEdCeeXegHL9yx8l,0,0,"Well this doesn‚Äôt rock!!!

We are having a ton of rocks and water come off the mountain side of old 40, (Donner Pass Rd between Truckee and Donner Summit.) 

The road is now closed, as it is not safe to pass due to erosion and falling debris."
2021-10-25 13:09:59+00:00,2021-10-25 15:39:00+00:00,True,2988314194713865,https://www.facebook.com/chp.truckee/posts/pfbid0fZ3JE54wi8qNBd7RaJdm3zsWJXX7xWh6CAufvh4KTiMes3GaRLb6JM5Gj4QqWpJ3l,1,1,"Traffic Alert:

I-80 remains closed westbound at the Nevada State line and Eastbound at Nyack due to adverse weather."
2021-10-25 15:39:44+00:00,,False,2988445441367407,https://www.facebook.com/chp.truckee/posts/pfbid024CjCYj8qEBbtTP62DqTGgk5wGCw1Rr2qDsKoJvkNsmjzXu7hVAYn4t7Lmbg2WUFsl,1,1,"Good News‚Ä¶

Well kinda, I‚Äôm a glass half full kinda guy!

I-80 has reopened but to cars only at this time. All semi trucks are still being held. 

I-80 is R2 Hirschdale to Nyack in both directions."
2021-10-25 20:49:50+00:00,,False,2988596644685620,https://www.facebook.com/chp.truckee/posts/pfbid02sQBwN2xjaShqqvwgm2tvg1PjNxu1Nj4TKbfRdq2owZsF9puphhNqeF6pF8UGDonjl,1,1,"Chain Control Update:

As of right now I-80 remains closed to trucks in both directions over Donner Summit. 

I-80 is R2 Donner Lake Rd to Rainbow in both directions. 

SR-89 is R2 Pickett‚Äôs Junction to US-50. 
R1 Bliss State Park to Sugar Pine State Park. 

SR-267 no controls. 

SR-28 no controls. 

US-50 is R2 Kyburz to Meyers. 

SR-88 is R2 Kirkwood to Pickett‚Äôs. 

SR-20 no controls."
2021-11-17 22:17:37+00:00,,False,3005282926350325,https://www.facebook.com/chp.truckee/posts/pfbid02G8FHuFksW2nfcnjXKpN4aYxVTWK768PW3V9dE9fEQ5m8EFvaFMpNL1pZRiujzr8dl,0,0,"We get a lot of questions on what the different level of chain controls are in California during the winter season, so here is a little info to get you ready for the snow. R-1 and R-2 are the most common conditions. A highway will often be closed before an R-3 condition is imposed. Some local areas may use variations of these designations. You must follow the directions on the signs posted for chain controls or any instructions given by Caltrans or CHP personnel at chain control check points. Also, DO NOT install chains on your vehicle in the middle of the road as there are designated spots to install them...

For more information on winter driving tips: https://dot.ca.gov/travel/winter-driving-tips

#chptruckee #winterishere #chaincontrol #caltransdistrict3"
2021-12-13 23:58:24+00:00,,False,3023885657823385,https://www.facebook.com/chp.truckee/posts/pfbid0M59FztLym9XEbGy5fHMFzEuCo5ujjdmAXuDkeTes844EAQJNvcobSnYTor9XtG6pl,0,0,"Update: this closure was called off. 

I mean‚Ä¶ we didn‚Äôt do it. 

But if you are trying to get west of Truckee, you could experience some significant delays. 

Pull in grab an early dinner. Caltrans District 3 will get it open as soon as possible."
2021-12-14 00:17:35+00:00,,False,3023895594489058,https://www.facebook.com/chp.truckee/videos/1181531979039255/,1,1,"This just in!!!

PG&E have decided to postpone the closure of I-80 for line work."
2021-12-14 04:32:24+00:00,,False,3024017317810219,https://www.facebook.com/chp.truckee/posts/pfbid02gYp2G4RZPFtYa2dknG3VGmVAytyhMiuG5rFx7XK89iCsSAV4nN8MM3V6BydWhoZ9l,1,1,"Getting cold tonight!  Expect snow levels to continue to fall through the night and into tomorrow. 

Chain Control:

I-80 is R2 Nyack to Hirschdale in both directions. 

Trucks are max. 

SR-89 is R2 Pickett‚Äôs Junction to Sugar Pine State Park. 
R1 Sugar Pine to I-80. 
R2 Truckee to the Sierra County Line. 
R1 Sierra County to Plumas County. 

Emerald Bay is closed. 

SR-267 is R2 Northstar to Squaw. 

SR-28 is R2 Tahoe city to Lardin

SR-20 is R2 Washington to I-80. 

US-50 is R2 Kyburz to Meyers. 

SR-88 is R2 Hams Station to Woodfords."
2021-12-14 13:20:15+00:00,2021-12-14 22:00:00+00:00,True,3024257614452856,https://www.facebook.com/chp.truckee/posts/pfbid02UVsEJz7wpPJ2WiZ6PYfCBdLmh9e7pbTeMMNzsiojNXft6R6wWAmWQxpr9TvPt5a4l,1,1,"**I-80 Closed** From Stateline to Colfax due to downed power lines in Kingvale. No estimated time of opening.

**SR-267** Closed From Northstar to SR-28 due to severe weather.  No estimated time of opening. 

Chain Control 

SR-89 South - R1 Sugar Pine to Truckee

SR-89 North - R2 Prosser to Little Truckee Summit 

SR-28 - R2 Tahoe City to Lardin, R1 Lardin to Stateline

We will be updating throughout the morning.  Check Caltrans QuickMap too.  Be safe."
2021-12-14 14:38:03+00:00,,False,3024302207781730,https://www.facebook.com/chp.truckee/posts/pfbid035USjuYKeHTUt6rTrLTxxP5MmDSKkUWSQikzBrDt1Cfvz5jNydde67suUk87SYSJVl,1,1,"UPDATE:

I-80 is open to passenger vehicles only with R2 chain restrictions. Big rigs are being held on I-80 at state line and at Colfax. Roads are covered in snow, so slow it down and increase your following distance. 

For updated road information: http://quickmap.dot.ca.gov

#TrafficUpdate #chptruckee"
2021-12-15 21:48:13+00:00,,False,3025201184358499,https://www.facebook.com/chp.truckee/videos/393108585838252/,1,1,"Where ya going little fella???

Chain Control on I-80 has been dropped. 

Also despite what Google says‚Ä¶

Old US-40 (Donner Pass Rd. Between Truckee and Sugar Bowl) is closed."
2021-12-18 01:43:00+00:00,,False,3026782610867023,https://www.facebook.com/chp.truckee/posts/pfbid02SAtBAVGWMXHcsS4UXsatwnjQtX2CuA7zwh4XJUNazcMHiAzjhuAEpwWj47JDCcG9l,0,0,EMERGENCY ROAD CLOSURE TOMORROW MORNING:
2021-12-20 17:36:54+00:00,,False,3028595684019049,https://www.facebook.com/chp.truckee/posts/pfbid0yWuSBXEtMd6XiFM83pq7fhuUYS6cz5tkpkobGv1383BEjywccZtCfsEbwCEGpF8vl,0,0,"üé∂üéµ It's beginning to look a lot like Christmas üé∂üéµ Lots of snow in the horizon starting tomorrow night all the way through the Christmas weekend. So PLAN AHEAD, and be ready for some winter driving conditions. ‚ùÑÔ∏è‚ùÑÔ∏è

During the last storm we received a lot of questions on what the different level of chain controls are in California during the winter season, so here is a little info to get you ready for the snow: 

- Requirement 1 (R-1): Chains are required on all vehicles except passenger vehicles and light-duty trucks under 6,000 pounds gross weight and equipped with snow tires on at least two drive wheels. Chains must be carried by vehicles using snow tires. All vehicles towing trailers must have chains on one drive axle. Trailers with brakes must have chains on at least one axle.

- Requirement 2 (R2): Chains or traction devices are required on all vehicles except four-wheel/all-wheel drive vehicles with snow-tread tires on all four wheels. NOTE: (Four-wheel/all-wheel drive vehicles must carry traction devices in chain control areas.)

- Requirement 3 (R3): Chains or traction devices are required on all vehicles, no exceptions.

R-1 and R-2 are the most common conditions. A highway will often be closed before an R-3 condition is imposed. Some local areas may use variations of these designations. You must follow the directions on the signs posted for chain controls or any instructions given by Caltrans or CHP personnel at chain control check points, even if these are at variance with broadcast road condition reports or information contained herein.

** Additional resources for winter travel:

https://dot.ca.gov/travel/winter-driving-tips/chain-controls
http://quickmap.dot.ca.gov/ 
https://magnifeye.com/webcams.php
https://forecast.weather.gov/MapClick.php?site=REV&textField1=39.3281&textField2=-120.182&e=0#.YcC7r2DMIdU"
2021-12-22 16:42:02+00:00,,False,3029881723890445,https://www.facebook.com/chp.truckee/posts/pfbid0ny7KiBDRdN8bda433jkbGRUtt8289ubFnNd7k8SSiBPbtbYX5fKez2r5ksoZBBigl,0,1,"TRAFFIC ALERT:

Traffic is currently being held on the Soda Springs to I-80 eastbound on-ramp due to a traffic collision. 

- I-80 is R2 from Truckee to Eagles Lakes.

- Trucks are at Minimum restrictions. 

#chptruckee #TrafficAlert"
2021-12-25 18:48:10+00:00,,False,3032121693666448,https://www.facebook.com/chp.truckee/posts/pfbid02Yi4UG9i1ev8TmMoNkjhdnw18oV6BzohnUmZVHxrHvsUXcisxyqC6HudrRQ2WiC2Fl,1,1,"TRAFFIC ALERT!!

I-80 is closed westbound at the Nevada Stateline and eastbound at Alta due to poor visibility over Donner Summit. The worst part of the storm is here so expect long delays..

** For updates: https://roads.dot.ca.gov/roadscell.php"
2021-12-25 19:26:23+00:00,,False,3032139950331289,https://www.facebook.com/chp.truckee/videos/438789794383231/,1,1,Wondering why I-80 is currently closed? Here‚Äôs what I-80 looks like right now üò≥üôÄ‚ùÑÔ∏è
2021-12-25 22:34:03+00:00,,False,3032226930322591,https://www.facebook.com/chp.truckee/posts/pfbid036tTgxWVHeasfdMeyWPtoYHS3PP2FY98p1LrnrgawwprWewEs3YyQ945Q9CdTUoAxl,1,1,"UPDATE: 

I-80 is still closed from the Nevada state line to Colfax in both directions due to poor visibility. 

- SR-267 is closed from Northstar to Kings Beach due to poor visibility. 
- SR-28 is R2 from Tahoe City to Nevada state line. 
- SR-89 is R2 from Truckee to Bliss State Park. 
- SR-89 is R2 from Truckee to Sierra/Plumas County line.

#chptruckee #winterwonderland #TrafficAlert"
2021-12-26 02:04:52+00:00,,False,3032314240313860,https://www.facebook.com/chp.truckee/posts/pfbid02ZpbyVvkpKc7HRSi2dF3rB6iK2cuYTLxNCTHvunfCxbp3fYsLnj2bQe44E3uxqk25l,1,1,"üé∂ Dashing through the snow in a‚Ä¶ dang it! 

I-80 is still closed in both directions from the Nevada state line to Colfax. There is no estimated time of reopening."
2021-12-26 03:06:52+00:00,2021-12-29 06:17:00+00:00,True,3032342406977710,https://www.facebook.com/chp.truckee/videos/500700754574494/,1,1,"‚ÄúFreeway is closed. Moose out front shoulda told ya!‚Äù üòÇ

‚ÄúOh the freeway is closed???‚Äù

‚ÄúThat doesn‚Äôt apply to me‚Ä¶‚Äù

YES I-80 is still closed. No there isn‚Äôt an estimated time of reopening and Yes it Applies to you!!! ü§¶‚Äç‚ôÇÔ∏èüòÇ

#comeoman #freewaysclosed #traffic #i80problems #niceonebruva #longtowouttahere"
2021-12-26 04:52:06+00:00,,False,3032389400306344,https://www.facebook.com/chp.truckee/posts/pfbid02KqieB7rDBBgERP9o7SGBaEad1AxVgMx1ekfCU7vrunx5Kfht5FokHT18NYtiMsqcl,1,1,"Live look at our back parking lot!!!

Anyone seen our Snow Removal Guy? üòÇ

#itsdeep #buried #decemberburied #chp #chptruckee #stillsnowing #yesthefreewayisclosed"
2021-12-26 11:27:27+00:00,2021-12-29 06:17:00+00:00,True,3032564170288867,https://www.facebook.com/chp.truckee/posts/pfbid08J3UHaiMr2Ue8HqiN1M3oAhn4gxEFgwczj2qYZvEwMBdVUD7Jf1PpBmtKsFzjuR7l,1,1,"It‚Äôs getting deep up top!!!

I-80 remains closed with no estimated time of reopening. 

Will this go down as the snowiest December ever?

#closed #freewayshutdown #decembuburied #snowingsideways #chp #chptruckee"
2021-12-26 17:24:13+00:00,2021-12-29 06:17:00+00:00,True,3032772383601379,https://www.facebook.com/chp.truckee/posts/pfbid0nDrz7vLfzY4qDUkuccdYLkoRKvp5swVHu2vVzfHK6zaXNY9xJA6JstgkKUXUcVs9l,1,1,"I-80 is still closed from the Nevada state line to Colfax in both directions. 

‚ùÑÔ∏è‚ùÑÔ∏è For real time updates on road conditions/ closures: https://roads.dot.ca.gov/roadscell.php"
2021-12-26 19:11:31+00:00,2021-12-29 06:17:00+00:00,True,3032864970258787,https://www.facebook.com/chp.truckee/posts/pfbid0LZ7Mj9nxTeEpDZ6MJ9sEqxn5tcoed1yTbsCJp9uPrCJExZZNqJr4UGxEd8hdXHDul,1,1,"TRAFFIC ALERT:

Westbound and eastbound I-80 from Colfax to the Nevada State-line will be closed today (12/26). Conditions over the summit are extremely dangerous due to high winds, white-out conditions, and poor visibility.

** For updates on road conditions: https://roads.dot.ca.gov/roadscell.php"
2021-12-26 19:28:59+00:00,2021-12-29 06:17:00+00:00,True,3032879310257353,https://www.facebook.com/chp.truckee/videos/1134715747334057/,1,1,"For everyone wondering why westbound and eastbound I-80 from Colfax to the Nevada State-line is closed today (12/26).... Here ya go! 

#freewayisclosed #novisibilty #i80problems #caltransdistrict3"
2021-12-27 15:11:33+00:00,2021-12-29 06:17:00+00:00,True,3033403726871578,https://www.facebook.com/chp.truckee/posts/pfbid021pMqQRAafPtm28qfb1w7c4jGkJpWgxUbyDp5oqrKnRLEu2kzqdHmvxRycGSMjLi5l,1,1,"I-80 remains closed from Applegate to the Nevada State-line in both directions. 

For information on additional road closures/conditions in the area visit: https://roads.dot.ca.gov/roadscell.php"
2021-12-27 18:15:13+00:00,2021-12-29 06:17:00+00:00,True,3033509996860951,https://www.facebook.com/chp.truckee/posts/pfbid0364jg7BJsnv3FQqbdyeVw6PXRh2QgaQYZQb3TfTaGeKof7v4yLrXkb8shNjbn5xZXl,1,1,"UPDATE: 

I-80 CLOSED from Applegate to the Nevada Stateline. 

‚ÄºÔ∏è‚ÄºÔ∏èSR-89 Closed from Tahoe City to Squaw Valley Rd. due to an avalanche.

- SR-267 CLOSED from Northstar to Kings Bings Beach.
- SR-89 CLOSED from Truckee to Sierraville.
- SR-89 CLOSED from Bliss State Park to Eagle Point Campground
- US 50 CLOSED from Placerville to Myers.

‚ùÑÔ∏è‚ùÑÔ∏èWe received approximately 193.7‚Äù of snow as of this morning breaking our 1970 record üôÄ UC Berkeley Central Sierra Snow Lab"
2021-12-27 20:22:56+00:00,,False,3033567183521899,https://www.facebook.com/chp.truckee/posts/pfbid02eSAjNTrepkZHK25Y7Ubjn5sFrw2jCKSrzRJDZHmk7MSeY4JiknbUHiKqLup9zEKTl,0,0,"Should have gotten the ‚ÄúBlizzard‚Äù edition instead of the Safari edition‚Ä¶ üò≥

Do not try to take back roads in order to avoid closures, you will get stuck! Also, do not trust your GPS or google maps as some closures are not reported on their apps. You can check current and up to date road conditions here: https://roads.dot.ca.gov/roadscell.php

#BlizzardEdition #chptruckee #donttrustyourgps #youwillgetstuck"
2021-12-27 22:52:59+00:00,2021-12-29 06:17:00+00:00,True,3033628650182419,https://www.facebook.com/chp.truckee/videos/1573841492952911/,1,1,"Update:

As you can see, road conditions are still not looking good on I-80 over Donner Summit. Still no estimated time of reopening. 

#i80problems #stillclosed #pleasemakeitstop"
2021-12-28 17:42:17+00:00,2021-12-29 06:17:00+00:00,True,3034143813464236,https://www.facebook.com/chp.truckee/videos/350491353082509/,1,1,"Before everyone freaks out‚Ä¶ this was from yesterday, but I-80 remains closed this morning. 

We will give you all an update on the plan as soon as we know."
2021-12-28 18:17:02+00:00,2021-12-29 06:17:00+00:00,True,3034159316796019,https://www.facebook.com/chp.truckee/videos/632604441270993/,1,1,"Still no word on an estimated opening of I-80. Here‚Äôs a look at what‚Äôs going on up there currently. 

In places the freeway is less than 15‚Äô wide.  The blowers are running full steam ahead. Keep your fingers crossed. 

#i80problems #tahoestillclosed #chptruckee #snowiestdecemberever #deepcember #chptruckee #truckee #tahoe #CHP"
2021-12-29 19:47:05+00:00,,False,3034853033393314,https://www.facebook.com/chp.truckee/posts/pfbid0fQJZbrgySX5151ncmvW1rxXNRsMXqGGFPgs87p2F61e63e84rYBsGyCsMJqNXxDal,1,1,"TRAFFIC UPDATE:

I-80 remains open in both directions over Donner Summit, but traffic is moving along slowly. We are expecting to get more snow tonight and resources (FOOD and GAS) in town are very limited. With the limited resources and potential for more snow, try to avoid traveling unless necessary. And most importantly DO NOT believe everything your GPS is telling you, it's probably wrong. 

- I-80 westbound is R2 from Boca to Alta.
- I-80 eastbound is R2 from Alta to Truckee.
- SR-89 is CLOSED at Emerald Bay.
- SR-89 is R2 from Truckee to Tahoe City.
- SR-267 is R2 from Kings Beach to Truckee.
- Trucks are at Maximum. 

** Check http://quickmap.dot.ca.gov/ for updates**"
2021-12-31 06:43:28+00:00,,False,3035805079964776,https://www.facebook.com/chp.truckee/posts/pfbid0feB1DbYMLtNzBf5TMcVvkXP6zXCwHE56aig4MZLqUhF8mNBhjLe6v78Sz3tY7KZxl,1,0,"Gonna be one of those kind of nights I see. 

This one is going to take a bit to clean up. 

I-80 westbound will be shut down indefinitely at the Nevada State Line till we get this cleaned up."
2022-01-01 21:27:49+00:00,,False,3037112039834080,https://www.facebook.com/chp.truckee/posts/pfbid0rbEGnsghyG6Pj4jYdHErPysLXisqGF2HbstLoyjf7JA9xYzz1DZ5jqdZ9fRzDrUdl,1,0,"Expect a slow go on I-80 westbound from the Nevada Stateline to Farad. 

Caltrans District 3 has the right hand lane closed due to roadway flooding and emergency repair from the tractor trailer roll over from the other day. 

Give yourself extra time."
2022-01-03 19:59:32+00:00,,False,3038344709710813,https://www.facebook.com/chp.truckee/posts/pfbid0nvhyHicPCpJ4zyHVTfRpog3hRXc4quzFqewVubcSw88bRyoCoCFhW63S2riuEjirl,0,0,"I know we have been beating this drum for years, but here you go again!

For your reading pleasure‚Ä¶ 

If the highways are shut down, the side roads are usually much worse and less patrolled. Do NOT follow your GPS. 

Do the safe/smart thing and wait for the main Highway to reopen.

https://www.nytimes.com/2021/12/31/us/google-maps-waze-sierra-nevada-snow.html?fbclid=IwAR3Q3hyjASXXLHnWE1LrB_SR2_wu10zhI-IbOUXjV0HdAn4ct3IPKZelp2w"
2022-01-26 19:10:46+00:00,,False,244481594537393,https://www.facebook.com/chp.truckee/videos/3050556735258629/,0,0,"**Update: Roadway is open.

TRAFFIC ALERT:

Traffic is currently being held on SR-267 near N. National Ave. due to a car fire, so please be patient as emergency personnel clear the scene. Thankfully, the driver got out of his vehicle safely and there were no injuries."
2022-02-08 23:14:40+00:00,,False,252826837036202,https://www.facebook.com/chp.truckee/posts/pfbid0qyr2CSnq27pNNd6N5kpcuvRAS8BhL5EdWAKmxKnML4n4VsHGe99SzhutNLSAmwPKl,0,0,"Happy Tuesday!! Stay safe and enjoy this beautiful weather that is supposed to last all week! 

Also, If you see a bunch of paratroopers jumping out of military planes this week along with other military aircrafts, please don‚Äôt call it in and No, it‚Äôs not a Red Dawn invasion üò≥üòÇ  Multi-Agency Search & Rescue day-time exercises are being held at Truckee Tahoe Airport and around the Truckee Tahoe area this week which will consist of parachute operations, cold weather ground movement, and helicopter and military transport aircraft operations.  

#chptruckee #wolverines #131strescuesquadron #CaliforniaNationalGuard #searchandrescue #reddawn #safetyserviceandsecurity"
2022-02-23 14:49:57+00:00,,False,262260539426165,https://www.facebook.com/chp.truckee/posts/pfbid0r8ukyGS85LWzvkpbvVLLcX8Aad4SF9rJQogb5ptTWJx1bzn5aFhKV2EmZVGbKGNwl,1,1,"Good Morning!

The sun is trying to break out this morning, but we do still have chain control in effect from the Nevada State Line to Kingvale in both directions. 

Trucks are minimum. 

Also @chpgoldrun has I-80 westbound closed at Emigrant Gap due to a tractor trailer who lost their load. 

Update‚Ä¶ westbound lanes have reopened but prepare for a slow go. 

#mornings #truckers #freewayclosed #comeonman #humpday #chp #chptruckee"
2022-04-15 02:35:49+00:00,,False,295327139452838,https://www.facebook.com/chp.truckee/posts/pfbid0M3cae3n8mMZpBPQgLXoLMsBo5YJwXauESB9J9LYzEmeo39b91ihWBa3ocKwiL321l,1,0,"@greyhoundlines want to come pick up your bus that your driver abandoned on I-80 westbound,  west of Donner Lake??? 

Just in case anyone was wondering why 80 westbound was shut down in Truckee!!!  Everyone say thank you ü§¶‚Äç‚ôÇÔ∏è

#cantmakethisup #hedonelefthisbus #lightsareonbutnobodyshome #whereiseveryone #ghostbus üëª"
2022-04-21 16:11:06+00:00,,False,299681595684059,https://www.facebook.com/chp.truckee/posts/pfbid0VozDbU52KmSdPyrkzyq6u1fP4jbRpj5r5eoMMAZ29q1VpJbB1Vt1mqDbk5D9P8wWl,1,1,"CURRENT CONDITIONS: 

- I-80 is R2 in both directions from the Nevada State Line to Drum Forebay.
- SR-89 is R2 from Truckee to Harpers Grade.
- SR-28 is R2 from Tahoe City to the Nevada State Line. 
- SR-267 is R1 from Truckee to Kings Beach. 

** All trucks are being held eastbound and westbound."
2022-04-25 23:29:09+00:00,,False,302541165398102,https://www.facebook.com/chp.truckee/posts/pfbid03tGnKhV5mHmUjnzsWQzg2Mu1fmt2mpSE9MsmZ4ucGhFqzUS7aifqsdpJpSRaHw5Al,0,0,"TRAFFIC ALERT:

All lanes of SR-28 between Beach St. and Agatam Ave. are closed due to a solo traffic collision. The involved vehicle collided with a power pole causing downed power lines. Please use an alternate route as there is no estimated time of reopening the roadway."
2022-05-10 06:23:13+00:00,2022-05-10 07:15:00+00:00,True,312196924432526,https://www.facebook.com/chp.truckee/posts/pfbid02sXj2DFgHUUAWbTbGRJ42SsHrDNtrQUm6mU9GGvfSBX6Uk1EfKFBmKgWxCdXG76Rql,1,1,"It‚Äôs one of those nights again‚Ä¶ sorry for the delay in updates but we have been call to call since coming on shift. 

Traffic on I-80 eastbound is currently being held at Donner Summit due to spin outs. 

80 west is open, but with heavy traffic. 

Chain Control:

I-80 is R2 Truckee to Nyack in both directions. 

Trucks are minimum. 

#wildnights #cantkeepitopenifyadontslowdown #chaincontrol #traffic #chp #chptruckee"
2022-10-25 16:42:58+00:00,,False,431020192550198,https://www.facebook.com/chp.truckee/posts/pfbid02Tspwz74KTUU1KFZbMXi15WsvUAbaESatuNiFBWvvVKLuiME6x3MGfSTBRwXd9KoPl,0,0,"‚Äº TRAFFIC ALERT ‚Äº

SR-28 is closed between Old County Rd. and Lardin Way for a traffic collision investigation.  No estimated time for reopening.  

Please use an alternate route."
2022-11-02 15:53:44+00:00,,False,436931195292431,https://www.facebook.com/chp.truckee/posts/pfbid0jxhdNWuM2CtRtAVbXSvKaXbF15kVmXEDN5SP5dqTFRLBhd7V8G1uwH5cRgGKivxwl,0,1,"***UPDATE***

‚ùóÔ∏èRoadway is open‚ùóÔ∏è

*************

‚ÄºÔ∏è TRAFFIC ALERT ‚ÄºÔ∏è

Traffic is being held on I-80 eastbound at the Donner Pass rest area due to a traffic collision. Expect delays‚Ä¶

#chptruckee #trafficalert"
2022-11-04 17:38:26+00:00,,False,438406581811559,https://www.facebook.com/chp.truckee/posts/pfbid036SaWfiFoU7yNcqf2pS4t5Bo4TAxyWzbvre4nDpYLtZDvzf6VSX5gVnMhNdLvrgkbl,0,1,"‚ÄºÔ∏èUPDATE‚ÄºÔ∏è

**ROADWAY IS OPEN**

TRAFFIC ALERT:

Traffic is being held on eastbound I-80 at SR-267 due to a three vehicle traffic collision. Traffic is being diverted onto SR-267."
2022-11-06 01:14:30+00:00,,False,439319165053634,https://www.facebook.com/chp.truckee/posts/pfbid0gwxvtFKwdbEedrJW1CkQk1YfZyC9aJrzQKor8z69Xbo3kkhDh739ktBndoJwKvFZl,0,0,"‚ÄºÔ∏èBE ADVISED‚ÄºÔ∏è SNOW ADVISORY‚ÄºÔ∏è 

Heavy snow is expected to fall over Donner Summit and surrounding areas starting this Sunday night into Wednesday. Expect significant travel impacts, chain control, and possible road closures. If you are planning to travel through the area BE PREPARED AND PLAN AHEAD!!! 

*For current road conditions visit: https://quickmap.dot.ca.gov 
Caltrans District 3 

üì∏ US National Weather Service Reno Nevada US National Weather Service Sacramento California"
2022-11-08 05:35:51+00:00,2022-11-09 03:14:00+00:00,True,440824124903138,https://www.facebook.com/chp.truckee/videos/667624844946590/,0,1,"Star Wars effect anyone?

It‚Äôs snowing, and coming down pretty good over Donner Summit. I-80 eastbound traffic is currently being held for 30 or so vehicles who thought they could‚Ä¶ and couldn‚Äôt. 

We should have it rolling again shortly. 

Be safe out there!"
2022-11-09 03:14:14+00:00,2022-11-09 05:58:00+00:00,True,441453891506828,https://www.facebook.com/chp.truckee/posts/pfbid0xibjsbESizStMf64m9erAjFLwUcrVWmRZNbMBgA4XZr53gkgRv49dBr1Po92BuE5l,0,1,"And we were doing so good at Floriston‚Ä¶ üò©

‚ÄºÔ∏èBe advised‚ÄºÔ∏è Eastbound I-80 traffic is being turned around at Hirschdale Rd. due to several traffic collisions including an overturned big rig on eastbound I-80 at Floriston. No estimated time of reopening."
2022-11-26 13:18:46+00:00,2022-11-26 17:54:00+00:00,True,453895980262619,https://www.facebook.com/chp.truckee/posts/pfbid0WPjTSreHMGAPQL8iysYYY6N6Y9ZEFMgyq7zbjsMHqAeL8n5RLVPJUbY7Z8nhbWyFl,0,1,"‚ÄºÔ∏è‚ÄºÔ∏è TRAFFIC ALERT ‚ÄºÔ∏è‚ÄºÔ∏è

I-80 eastbound is closed at Hirschdale Rd. due to a traffic collision with injuries involving a big rig that occurred on Floriston Way. The closure will be approximately 4-5 hours as personnel attempt to recover the big rig that slide down an embankment. Please use an alternate route as traffic is being turned around at Hirschdale road. We will keep you updated."
2022-12-01 15:03:32+00:00,,False,457591106559773,https://www.facebook.com/chp.truckee/posts/pfbid02fUnEGBNfun87veahDMXNneP2Fv26qWaV2YuDwxjCNS1NR8s724qMjUkjwwMx2Vgql,1,1,"Definitely not an area to rest üò≥üòÇ Just a quick reminder, the rest areas over Donner Summit are closed during winter storms so don‚Äôt try to mob through the snow banks‚Ä¶ you will get stuck! 

‚Ä¢ I-80 is R2 in both directions from Truckee to Drum Forebay. 
‚Ä¢ SR-89 is R1 from Truckee to Tahoe City.
‚Ä¢ SR-28 is R2 from Tahoe City to Kings Beach.
‚Ä¢ SR-267 is R2 from Northstar to Kings Beach. 

** for current road conditions visit: https://quickmap.dot.ca.gov

#chptruckee #comeonman #i80problems #notarestarea #bruhh"
2022-12-01 19:32:26+00:00,2022-12-01 19:48:00+00:00,True,457754946543389,https://www.facebook.com/chp.truckee/posts/pfbid0beYCHjkNGkcK8DHfNRxFwEnw4XfESLBxETbae7J56UMhmHG6294vrtqYv3trU12gl,1,1,"Traffic on I-80 westbound at Hirschdale Rd. is being held due to a jackknifed big rig‚Ä¶.expect delays.

‚Ä¢I-80 is R2 in both directions from Boca to Alta. 
‚Ä¢ Big rigs are being turned around westbound and the Nevada State line, and eastbound at Alta."
2022-12-01 19:48:36+00:00,,False,457762706542613,https://www.facebook.com/chp.truckee/posts/pfbid0Z1CzqC6nqf97d5YmuxrLJsr8mfeDEAhY4NmYwKhsmA4wnv4i2X5PTkGNxjhUS4zYl,1,0,"‚ÄºÔ∏èUPDATE‚ÄºÔ∏è

I-80 westbound traffic has been released‚Ä¶ Take it SLOW! 

Annddd we have another one‚Ä¶. üò≥ I-80 westbound traffic is now being held at the Nevada State line while we clean up a couple of jackknifed big rigs and spin outs."
2022-12-01 21:39:26+00:00,,False,457813596537524,https://www.facebook.com/chp.truckee/videos/3235761213406192/,1,1,"Current conditions on I-80 over Donner Summit. Winds are kicking up and visibility is reducing so slow down and increase your following distance! 

‚Ä¢ I-80 is R2 in both directions from Alta to the Nevada State line. 
‚Ä¢ Big rigs are still being turned around.

üîä"
2022-12-01 22:48:01+00:00,2022-12-02 00:38:00+00:00,True,457842013201349,https://www.facebook.com/chp.truckee/posts/pfbid033ALMpfWQFDdpkw47z49cC3Tywe4HR3NbZi3DLidNsF3x2VWSL5QpJ21QLpbBN24el,1,1,"‚ÄºÔ∏è‚ÄºÔ∏è TRAFFIC ALERT ‚ÄºÔ∏è‚ÄºÔ∏è

Traffic is being turned around on I-80 in both directions from the Nevada State line to Alta due to high winds and low visibility over Donner Summit. Truckee residents are allowed through with a local I.D... no estimated time of reopening."
2022-12-02 18:18:41+00:00,,False,458518393133711,https://www.facebook.com/chp.truckee/posts/pfbid02wC8zLCzqKLXM1jkLpLP5BC3njXEi3Noov5mmCzGeZQdAZ1odnZ8sYWbLZFhj3VmNl,0,1,"Good thing there was plenty of snow in the area! üò≥‚ùÑÔ∏è üî•

I-80 eastbound at the Donner Lake Interchange is temporarily being held due to a big rig fire with no injuries. The roadway will be cleared shortly üëç

Truckee Fire Protection District"
2022-12-05 18:14:37+00:00,2022-12-05 19:35:00+00:00,True,460748272910723,https://www.facebook.com/chp.truckee/posts/pfbid0a8jWWnwZs1iukjApBNxWnADBU7TK57zCdfB9wvb3mJAe8jqXiuBZowkHhcKcmKUkl,1,1,"‚ÄºÔ∏è‚ÄºÔ∏è TRAFFIC ALERT ‚ÄºÔ∏è‚ÄºÔ∏è

12/5/22 10:00am

I-80 traffic is being held at the Nevada State line and at Alta due to multiple spin outs and poor driving conditions. No estimated time of re-opening‚Ä¶ 

** for current road conditions visit: https://quickmap.dot.ca.gov"
2022-12-10 23:57:33+00:00,2022-12-11 17:25:00+00:00,True,464702809181936,https://www.facebook.com/chp.truckee/videos/549623637016469/,1,1,"‚ÄºÔ∏è‚ÄºÔ∏è TRAFFIC ALERT‚ÄºÔ∏è‚ÄºÔ∏è

12/10/22 3:45pm

I-80 westbound is CLOSED at the Nevada State line and eastbound is CLOSED at Colfax due to multiple spin outs and whiteout conditions. Driving conditions have deteriorating over Donner Summit and will only get worse tonight‚Ä¶ü•∂‚ùÑÔ∏è

üîä#chptruckee #chaincontrol #youcanfeelitintheair"
2022-12-11 03:02:41+00:00,2022-12-11 17:25:00+00:00,True,464801902505360,https://www.facebook.com/chp.truckee/videos/516425983854007/,1,1,"‚ÄºÔ∏è UPDATE ‚ÄºÔ∏è

I-80 is still CLOSED westbound at the Nevada Stateline and eastbound at Colfax due to white out conditions over Donner Summit. Only Truckee residents are allowed to and from Reno. No estimated time of reopening. 

*for updates visit: https://quickmap.dot.ca.gov"
2022-12-11 17:24:01+00:00,,False,465334365785447,https://www.facebook.com/chp.truckee/posts/pfbid0HqC6krokCWERRSf7PwDNT9ZpF7gfgUyWfZDEyZSxCuWoQkDaM5qsWEyAvJreLXWxl,1,1,"‚ÄºÔ∏è UPDATE ‚ÄºÔ∏è

12/11/22 9:25am

I-80 westbound and eastbound is NOW OPEN to passenger vehicles only, with R2 chain restrictions. Big rigs are being held. 

*for updates visit: https://quickmap.dot.ca.gov"
2022-12-11 20:32:19+00:00,,False,465445285774355,https://www.facebook.com/chp.truckee/videos/465069715701476/,1,1,"‚ùÑÔ∏è CHAIN CONTROL UPDATE ‚ùÑÔ∏è

‚Ä¢ I-80 is R2 in both directions from the Nevada State line to Alta. 
‚Ä¢ SR-89 is R2 from Truckee to Tahoe City. 
‚Ä¢ SR-28 is R2 from Tahoe City to Kings Beach. 
‚Ä¢ SR-267 is closed from Northstar to Kings Beach. 
‚Ä¢ Big rigs are still being held. 

*for updates on road conditions visit: https://quickmap.dot.ca.gov"
2022-12-31 20:50:02+00:00,,False,481299487522268,https://www.facebook.com/chp.truckee/posts/pfbid0e9ngrXBiqsRS8aAVh8kYAZjgEsFbTiuQLEau2ZJHtpZ34cEmpoBy5JVBuZ7CigUul,1,1,"The snow is coming down harder and we are seeing the effects!!!

Currently traffic on SR-267 is being held over Brockway Summit due to multiple collisions. Take SR-89 to get to and from North Lake Tahoe. 

Chain Control:

I-80 is R2 Nyack to the State line in both directions. 

Trucks are Maximum. 

SR-267 is R1 Truckee to Northstar.
R2 Northstar to Kings Beach, (when it reopens)

SR-89 is R1 Truckee to Bliss State Park. 
R1 Truckee to Plumas County Line. 

SR-28 is R2 Tahoe City to Lardin. 
R1 Lardin to the Nevada State Line. 

SR-20 is R2 Washington to I-80. 

Drive Safe."
2022-12-31 23:53:45+00:00,2023-01-01 14:45:00+00:00,True,481386097513607,https://www.facebook.com/chp.truckee/posts/pfbid02D2GZ3FxHYx7WdYETqQUGPbpKx6arbMgDxqHcegcKT8E55Ecm9y91fx3GmDfb3dDUl,1,1,"‚ÄºÔ∏è ROAD CLOSURE ‚ÄºÔ∏è

12/31/22 3:50pm 

I-80 is CLOSED westbound at the Nevada Stateline and eastbound at Colfax due spin outs, traffic collisions, and poor driving conditions. No estimated time of reopening. 

*for updates visit: https://quickmap.dot.ca.gov"
2023-01-01 02:15:41+00:00,2023-01-01 14:45:00+00:00,True,481462600839290,https://www.facebook.com/chp.truckee/posts/pfbid02Tr5brryvbunNCMJLXCEbLhGfbzdbLUiTMYMPixV9i1vRSmoejveUNvNukfb9N5yRl,1,1,"‚ÄºÔ∏è UPDATE ‚ÄºÔ∏è

12/31/22  6:15 pm

I-80 remains closed at the Nevada State line and Colfax. Driving conditions are dangerous and treacherous, travel is not advised. There are dozens and dozens of vehicles stuck on the freeway and county roads, and we are responding to calls as quickly as possible. Tow companies are backed up and will take hours to respond to you. If you are headed this way turn around as there is no estimated time of reopening. 
We want you to have a safe New Year‚Äôs Eve so please stay home and avoid traveling tonight."
2023-01-10 15:56:54+00:00,,False,487557523563131,https://www.facebook.com/chp.truckee/posts/pfbid02eV1Sky7toXxpEDSUUB8Jc4ZLWJAAiKppUu7SNj9nNRuYoF6R336Wnxro9ySaCxFzl,1,1,"ÔøºThe snow is coming down hard and heavy!! ‚ùÑÔ∏è‚ùÑÔ∏è

CÔøºHAIN CONTROL - 1/10/23 8:00am: 

‚Ä¢ I-80 is R2 in both directions from the Nevada State line to Baxter.  
‚Ä¢ SR-267 is R2 from Truckee to Kings Beach. 
‚Ä¢ SR-28 is R2 from Tahoe City to Kings Beach.
‚Ä¢ SR-89 is R2 from Truckee to Tahoe City. 
‚Ä¢ Big rigs are being turned around at Baxter and the Nevada State line.  

*for updates on road conditions visit: https://quickmap.dot.ca.gov"
2023-01-10 18:54:51+00:00,2023-01-11 13:41:00+00:00,True,487652310220319,https://www.facebook.com/chp.truckee/videos/741787624043821/,1,1,"‚ÄºÔ∏è ROAD CLOSURE ‚ÄºÔ∏è

01/10/23 10:55am

I-80 is CLOSED westbound at the Nevada Stateline and eastbound at Colfax due to high winds and whiteout driving conditions. No estimated time of reopening. 

*for updates visit: https://quickmap.dot.ca.gov"
2023-01-11 05:28:57+00:00,2023-01-11 13:41:00+00:00,True,487911743527709,https://www.facebook.com/chp.truckee/posts/pfbid02ZLD5yEXQwepiFRPoz18Cixaevp8CNSbeGNqHtWerKXWgJBhg4WYUHDevofGjuNBjl,1,1,"‚ÄºÔ∏è ROAD CLOSURE ‚ÄºÔ∏è

01/10/23 9:30pm

I-80 remains CLOSED westbound at the Nevada Stateline and eastbound at Colfax. No estimated time of reopening. 

*for updates visit: https://quickmap.dot.ca.gov"
2023-01-13 23:36:58+00:00,2023-01-14 01:10:00+00:00,True,489944353324448,https://www.facebook.com/chp.truckee/posts/pfbid0q8GJQS99YHAph27Z4PFYffEjoixwSk4cPSrGToexcRdf6Q21h1sSRXMKz85rbCjml,1,1,"‚ÄºÔ∏è TRAFFIC ALERT ‚ÄºÔ∏è 

1/13/23 3:50pm

Westbound I-80 is closed at the Nevada State line due to a rockslide at Mystic. No estimated time of reopening‚Ä¶

Westbound I-80 traffic is also being held in Truckee and I-80 eastbound traffic is being held at Castle Peak due to multiple spin outs over Donner Summit.."
2023-01-14 16:15:19+00:00,,False,490410226611194,https://www.facebook.com/chp.truckee/videos/705494724293594/,1,1,"ÔøºMore snow coming in today through Monday! Yesterday evening, traffic was a mess and traffic was held multiple times over Donner Summit due to spin outs and low visibility. If you are traveling for the holiday weekend be prepared for winter driving conditions and EXTENDED DELAYS‚Ä¶ ‚ùÑÔ∏è‚ùÑÔ∏è

CÔøºHAIN CONTROL - 1/14/23 8:10am

‚Ä¢ I-80 is R2 in both directions from Truckee to Drum Forebay. 
‚Ä¢ SR-267 is R2 from Truckee to Kings Beach. 
‚Ä¢ SR-28 is R1 from Tahoe City to Kings Beach.
‚Ä¢ SR-89 is R1 from Truckee to Tahoe City. 
‚Ä¢ Big rigs are being turned around at Applegate and the Nevada State line.  

*for updates on road conditions visit: https://quickmap.dot.ca.gov"
2023-01-14 19:06:48+00:00,2023-01-15 10:30:00+00:00,True,490496569935893,https://www.facebook.com/chp.truckee/posts/pfbid0319okwBZmqbKV7Ki4U1zvr9jitVDtTJUEVWDgRXqkxA1AsNYnsDBYXvV6zCd6DSMdl,1,1,"‚ÄºÔ∏è ROAD CLOSURE ‚ÄºÔ∏è

01/14/23 11:00am

I-80 is CLOSED westbound at the Nevada Stateline and eastbound at Colfax due to spin outs, high winds, and white out driving conditions. No estimated time of reopening. 

*for updates visit: https://quickmap.dot.ca.gov"
2023-01-15 01:39:47+00:00,2023-01-15 10:30:00+00:00,True,490644156587801,https://www.facebook.com/chp.truckee/videos/730308945009144/,1,1,"‚ÄºÔ∏è ROAD CLOSURE UPDATE‚ÄºÔ∏è

1/14/23 5:40pm

I-80 remains CLOSED westbound at the Nevada Stateline and eastbound at Colfax. No estimated time of reopening. 

*for updates visit: https://quickmap.dot.ca.gov"
2023-01-15 10:52:10+00:00,,False,490887756563441,https://www.facebook.com/chp.truckee/posts/pfbid0MYZ95knQnREdWHQdvC2xKf5TzA7VctSKFDiwDcks48rMkRjc1KZasnpSCSk94uXXl,1,1,"‚ÄºÔ∏èUPDATE‚ÄºÔ∏è I-80 has reopened in both directions. 

Chain Control 1/15/23 2:30am 

‚Ä¢ I-80 is R2 from The Nevada State Line to Alta in both directions. 
‚Ä¢ SR-267 is R2 Truckee to Kings Beach. 
‚Ä¢ SR-89 is R1 from Truckee to Tahoe City. 
‚Ä¢ SR-28 is R1 Tahoe City to the State Line. 
‚Ä¢ Trucks are being held. 

*For updates on road conditions visit: https://roads.dot.ca.gov/roadscell.php"
2023-02-05 20:24:40+00:00,,False,505009678484582,https://www.facebook.com/chp.truckee/videos/3445486225687361/,1,1,"‚ÄºÔ∏èCurrent conditions‚ÄºÔ∏èHeavy traffic heading over Donner Summit‚Ä¶ expect long delays. 

2/05/23  12:25pm

‚Ä¢ I-80 is R2 in both directions from the Nevada State line to Drum Forebay. 
‚Ä¢ SR-267 is closed due to spin outs and traction issues. 
‚Ä¢ SR-89 is R1 from Truckee to Tahoe City. 
‚Ä¢ SR-28 is R1 from Tahoe City to Kings Beach. 
‚Ä¢ Trucks are at maximum restrictions. 

*For updates on road conditions visit: https://roads.dot.ca.gov/roadscell.php and https://quickmap.dot.ca.gov

üîä"
2023-02-06 01:04:38+00:00,,False,505111041807779,https://www.facebook.com/chp.truckee/videos/710467450782070/,1,0,"It‚Äôs getting a little TRICKY out there!! You know it‚Äôs a mess when we have to use three patrol vehicles to pull a big rig out üò≥ü•∂üòÇÔøº 

Westbound I-80 is currently being held in Truckee due to multiple spin outs over Donner Summit. 

üîäüîä#chptruckee #itstricky #fullsend #makeitstop"
2023-02-23 16:56:32+00:00,,False,517035133948703,https://www.facebook.com/chp.truckee/posts/pfbid0P5n9Q6mBRHkhSSgfbtKRwbFjaAKf8vmhPoez8Q8rg42Z8yGGBuyqJQwWiKsBQ2xql,0,0,"‚ÄºÔ∏è ROAD CLOSURE ‚ÄºÔ∏è

2/23/23 8:45 am 

SR-89 at Emerald Bay is closed for avalanche control. Please use an alternate route."
2023-02-23 20:02:27+00:00,,False,517125787272971,https://www.facebook.com/chp.truckee/videos/723975002600402/,1,1,"Snow‚Äôs still flying in Truckee and on I-80 over Donner Summit! Travel conditions have been difficult as we have been dealing with spinouts/collisions all morning and assisting motorists. We are expecting heavy snow today through Friday with more snow coming in this weekend. Expect major delays, whiteout conditions, chain control, and the possibility of road closures‚Ä¶. BE PREPARED! 

üîä#chptruckee #getyouonyourwaysafely #safetyserviceandsecurity #planahead #chaincontrol #winterdriving"
2023-02-23 21:30:22+00:00,2023-02-24 18:40:00+00:00,True,517159670602916,https://www.facebook.com/chp.truckee/posts/pfbid02U6piYDsVvzmNGXbz2qfTQCPy7HWUKk4E9wFERZJAk2TRVWesFU51WSCwRegXMQJvl,1,1,"‚ÄºÔ∏è‚ÄºÔ∏èTRAFFIC ALERT‚ÄºÔ∏è‚ÄºÔ∏è

I-80 eastbound traffic is being held at Colfax and I-80 westbound traffic is being held at the Nevada State line due to whiteout conditions and spin outs. Expect long delays.. 

*For updates on road conditions visit: https://roads.dot.ca.gov/roadscell.php and https://quickmap.dot.ca.gov"
2023-02-24 00:24:51+00:00,2023-02-24 18:40:00+00:00,True,517223643929852,https://www.facebook.com/chp.truckee/posts/pfbid0ABMzUTCm9Fz3ykkkxJFuxjB2FHw4T9ix7mUHytN5gea9VUaaf2dicLRq9HNdnsggl,1,1,"‚ÄºÔ∏è ROAD CLOSURE UPDATE ‚ÄºÔ∏è

2/23/23 4:25pm

I-80 eastbound and westbound is CLOSED from Colfax to the Nevada State line due to high winds and zero visibility over Donner Summit. No estimated time of re-opening.

* For updates on road conditions visit: https://roads.dot.ca.gov/roadscell.php and https://quickmap.dot.ca.gov"
2023-02-24 15:05:44+00:00,2023-02-24 18:40:00+00:00,True,517600333892183,https://www.facebook.com/chp.truckee/posts/pfbid02nd1kNRodY3mRoPCLMddHWFovyyPe5W7s8AxSXnf13QsVZ4omCWWjzZgNRoDWj9xwl,1,1,"‚ÄºÔ∏è ROAD CLOSURE UPDATE ‚ÄºÔ∏è

2/24/23   7:05am

I-80 eastbound and westbound is still CLOSED from Colfax to the Nevada State line. No estimated time of re-opening. 

The storm will continue all day today through tomorrow and travel in the mountains is HIGHLY DISCOURAGED. 

* For updates on road conditions visit: https://roads.dot.ca.gov/roadscell.php and https://quickmap.dot.ca.gov

üì∑: US National Weather Service Sacramento California"
2023-02-24 23:49:14+00:00,2023-02-25 03:00:00+00:00,True,517821687203381,https://www.facebook.com/chp.truckee/posts/pfbid02vn7SgPKKEVXvxp63phodfs6WjBppm2RyAnXuJJoCTrsFeEKm6vC121g2MEtZwdQKl,1,0,"‚ÄºÔ∏è TRAFFIC ALERT‚ÄºÔ∏è

2/24/23   3:45pm 

I-80 WESTBOUND traffic is CLOSED at the Nevada State line and in Truckee due to a major traffic collision. No estimated time of re-opening. 

* For updates on road conditions visit: https://roads.dot.ca.gov/roadscell.php and https://quickmap.dot.ca.gov"
2023-02-27 16:20:41+00:00,,False,519442137041336,https://www.facebook.com/chp.truckee/posts/pfbid0ppTq1Q7tDVwYDXFb2g9XKNV8QA5iN5cZ32VmWhVBZdAsWQa8Gz2S4uoPLmurKNqUl,1,1,"HERE IT COMES!! Ôøº If you are planning to risk traveling over Donner Summit the next couple days expect dangerous travel conditions!! Expect long delays, high winds, zero visibility, and road closures‚Ä¶ TRAVEL IS HIGHLY DISCOURAGED!!

(2/27/23  8:15am)

‚Ä¢ I-80 is R2 in both directions from Colfax to the Nevada State line.
‚Ä¢ Essential big are being allowed through with maximum chain restrictions.

üì∑: US National Weather Service Sacramento California

#chptruckee #blizzard #dontsaywehaventbeenwarningyou #travelhighlydiscouraged"
2023-02-28 14:01:15+00:00,2023-03-02 00:10:00+00:00,True,519904553661761,https://www.facebook.com/chp.truckee/posts/pfbid0oyRn8QF5No2QByyisWvKKsU3NVjcm7JFDpRxr5Edyvkwx61v7xwzRU9dKyxk8RVKl,1,1,"I-80 remains CLOSED eastbound at Applegate and westbound at the Nevada State line. Also, do not attempt to bypass chain control by using your gps or google maps, you will get stuck!! 

2/28/23  6:00am"
2023-02-28 20:30:52+00:00,,False,520064126979137,https://www.facebook.com/chp.truckee/videos/1267790397476351/,1,1,"DO NOT attempt to drive on I-80 over Donner Summit!! Officers have been responding to stuck motorists all day! Travel conditions are extremely dangerous with zero visibility and blizzard conditions! Stay home and don‚Äôt put your life in danger!! 

2/28/23  12:29pm

#chptruckee #dontputyourlifeindanger #i80isclosed"
2023-02-28 23:22:29+00:00,,False,520115400307343,https://www.facebook.com/chp.truckee/videos/535558328682870/,0,0,"‚ÄºÔ∏èCURRENT CONDITIONS‚ÄºÔ∏è

2/28/23  3:15pm

#chptruckee #snowmageddon #blizzard #weclosedpleasecomeagain #stayhome"
2023-03-01 14:04:23+00:00,2023-03-02 00:10:00+00:00,True,520435740275309,https://www.facebook.com/chp.truckee/posts/pfbid0UmGQknSL9oYMr2CAzH8NZff13vykYf7LyonrbcdL2MYmV75mNhag4nmHSatYCF7tl,1,1,"Patrolling the Truckee Area today be like‚Ä¶ ü•∂üò≥ 

‚ÄºÔ∏èI-80 eastbound remains closed at Applegate and westbound is closed at the Nevada State line‚ÄºÔ∏èNo estimated time of reopening. (3/01/23 6:00am)

*For updates on road conditions visit: https://roads.dot.ca.gov/roadscell.php and https://quickmap.dot.ca.gov

#flashback #chptruckee #snowmageddon"
2023-03-02 19:14:24+00:00,2023-03-02 20:05:00+00:00,True,521110513541165,https://www.facebook.com/chp.truckee/posts/pfbid02XjVMyAkkkqxo225vJXoAhq2ggoxavZzWsbCxF4AVLJdoiZHvNUukWiZFnBCM2CBWl,1,1,"‚ÄºÔ∏èTRAFFIC UPDATE‚ÄºÔ∏è   (3/02/23  11:10am)

 I-80 eastbound is being turned around at Hirschdale Rd. due to a jacked knife big rig, just east of the Nevada State line. No estimated time of reopening per NHP. Please slow down as Caltrans opened traffic to ALL vehicles traveling eastbound and we have been responding to multiple spin outs since then...

I-80 westbound over Donner Summit is open to Passenger vehicles only with no chain restrictions. Caltrans has been working tirelessly 24/7 to clean up approximately 60 plus miles of snow on the roadway; they literally have moved a mountain in the last couple of days. Certain sections of westbound I-80 over Donner Summit are reduced to one lane which is the reason only certain vehicles are being allowed over the pass. Please be patient as Caltrans is working on widening the roads in order to get traffic through safely."
2023-03-03 15:16:11+00:00,,False,521558100163073,https://www.facebook.com/chp.truckee/posts/pfbid07EZKmUoFB1VR4AmVctjXK4qE4QM5jX1KThF8WKuTtELxM5mRKXUEk3mCaJBiTYUFl,0,0,"#flashbackfriday ‚ú®‚ùÑÔ∏è 

Hope you enjoyed your small break! The next storm is rolling in tomorrow and will continue into early next week. And yes, we are expecting another 3-5 feet of snow üò© We all know what happened during the previous storm, so BE PREPARED and PLAN AHEAD..  expect dangerous, to impossible travel over Donner Summit with long delays and road closures. ÔøºTravel is highly discouraged this weekend! 

Caltrans District 3
US National Weather Service Sacramento California"
2023-03-04 21:22:16+00:00,2023-03-06 04:55:00+00:00,True,522253453426871,https://www.facebook.com/chp.truckee/videos/1599619603817746/,1,1,"‚ÄºÔ∏è UPDATE ‚ÄºÔ∏è (3/04/23  1:15pm) 

I-80 westbound traffic is being held in Truckee due to multiple spin outs over Donner Summit. 

‚Ä¢ I-80 is R2 in both directions from Truckee to Alta. 

‚Ä¢ Trucks are at maximum restrictions.

*For updates on road conditions visit: https://roads.dot.ca.gov/roadscell.php and https://quickmap.dot.ca.gov"
2023-03-05 03:10:44+00:00,2023-03-06 04:55:00+00:00,True,522369216748628,https://www.facebook.com/chp.truckee/videos/1951581438567461/,1,1,"‚ÄºÔ∏èUPDATE‚ÄºÔ∏è (3/04/23  7:00pm)

Ôøº I-80 remains closed eastbound at Colfax and westbound at the Nevada State line due to extreme blizzard conditions. Heavy snow will continue throughout the night and we urge you not to attempt to travel over Donner Summit and cancel any travel plans tonight. Don‚Äôt put yourself and others in danger‚Ä¶ Stay home, Stay Safe and Warm.

For updates on road conditions visit: https://roads.dot.ca.gov/roadscell.php and https://quickmap.dot.ca.gov

üîäüîä"
2023-03-05 15:25:24+00:00,2023-03-06 04:55:00+00:00,True,522660596719490,https://www.facebook.com/chp.truckee/posts/pfbid02uSFDcMUCzDf1tRPASuema3mKTQfF8A223pGFFfyNwoTV9dnsxypeTSfaKkRP9qRql,1,1,"‚ÄºÔ∏èUPDATE‚ÄºÔ∏è (3/05/23  7:20am)

Ôøº I-80 remains closed eastbound at Colfax and westbound at the Nevada State line. Heavy snow continues to fall with no signs of stopping and is expected to continue through tomorrow  ‚ùÑÔ∏è

Caltrans District 3
üì∑: US National Weather Service Sacramento California

For updates on road conditions visit: https://roads.dot.ca.gov/roadscell.php and https://quickmap.dot.ca.gov"
2023-03-05 17:22:16+00:00,2023-03-06 04:55:00+00:00,True,522711683381048,https://www.facebook.com/chp.truckee/videos/1034137991306544/,1,1,"03/05/23 9:20am 

Roads are extremely treacherous in the Truckee area! travel is highly discouraged! 

‚Ä¢ I-80 is still closed in both directions from the Nevada State line to Colfax. 
‚Ä¢ SR-267 is closed from Northstar to Kings Beach. 

*For updates on road conditions visit: https://roads.dot.ca.gov/roadscell.php and https://quickmap.dot.ca.gov

#chptruckee #weneedabreak #williteverend #snowmageddon #closed"
2023-03-06 01:54:42+00:00,2023-03-06 04:55:00+00:00,True,522883830030500,https://www.facebook.com/chp.truckee/videos/187784003960246/,1,1,"‚ÄºÔ∏èUPDATE‚ÄºÔ∏è (3/05/23  5:55pm)

I-80 remains closed eastbound at Alta and westbound at the Nevada State line. Caltrans crews have been working HARD day and night in order to clear up approximately 60 miles of freeway, while working in inclement weather conditions. There is still no estimated time of reopening the freeway. 

Caltrans District 3

For updates on road conditions visit: https://roads.dot.ca.gov/roadscell.php and https://quickmap.dot.ca.gov"
2023-03-06 05:00:58+00:00,,False,522954056690144,https://www.facebook.com/chp.truckee/videos/519963020297895/,1,1,"‚ÄºÔ∏è UPDATE ‚ÄºÔ∏è 03/05/23 8:55pm)

I-80 eastbound is open to PASSENGER vehicles with R2 restrictions from Drum Forebay to the Nevada state line. Essential trucks are also being allowed eastbound with maximum chain restrictions. 

Westbound I-80 remains closed at the Nevada state line with an unknown time of reopening.

*For updates on road conditions visit: https://roads.dot.ca.gov/roadscell.php and https://quickmap.dot.ca.gov"
2023-03-07 02:17:39+00:00,2023-03-07 03:20:00+00:00,True,523461316639418,https://www.facebook.com/chp.truckee/videos/1394587308002265/,1,0,"‚ÄºÔ∏èTRAFFIC ALERT ‚ÄºÔ∏è

Westbound I-80 traffic is being held in Truckee due to a jackknifed big rig and  multiple big rigs stuck in the snow unable to get traction. Be patient as this is going to take some time to clear.."
2023-03-07 14:07:01+00:00,,False,523753806610169,https://www.facebook.com/chp.truckee/videos/1048947679286363/,1,1,"‚ùÑÔ∏èCHAIN CONTROL UPDATE‚ùÑÔ∏è  (3/07/23  6:00am) 

‚Ä¢ I-80 is R2 from Colfax to the Nevada state line. 
‚Ä¢ SR-267 is R2 from Northstar to Kings Beach.
‚Ä¢ SR-89 is R1 from Truckee to Tahoe City. 
‚Ä¢ SR-28 is R1 from Tahoe City to Kings Beach. 
‚Ä¢ SR-89 at Emerald Bay is closed. 
‚Ä¢ Trucks are at maximum restrictions. 

*For updates on road conditions visit: https://roads.dot.ca.gov/roadscell.php and https://quickmap.dot.ca.gov"
2023-03-07 17:16:41+00:00,,False,523853403266876,https://www.facebook.com/chp.truckee/posts/pfbid02B6z1xjswYMrq7u6vrppCgfWTcsfT6jDy8MvKQudCvvgBtzXby3tXbovGFBUvH98yl,0,1,"‚ÄºÔ∏èTRAFFIC ALERT ‚ÄºÔ∏è  (3/07/23  9:15am)

I-80 eastbound traffic is being held at Kingvale due to multiple spin outs over Donner Summit. Might take a minute, so be patient.."
2023-03-09 21:19:29+00:00,,False,525164923135724,https://www.facebook.com/chp.truckee/posts/pfbid0Ufv2zrTNfLpWrErXDXcbH9vXPjGDYtAekwXrGGRrwabvYXTp4ymgGbP2FAMgM27El,0,0,"‚ÄºÔ∏èBE ADVISED‚ÄºÔ∏è Another major storm is coming in tonight through the weekend! Be prepared for road closures, chain control, Ôøºroadway flooding, and extended delays! Travel is HIGHLY DISCOURAGED!! 

** For updates on road conditions visit: https://quickmap.dot.ca.gov"
2023-03-12 23:16:45+00:00,,False,526905556294994,https://www.facebook.com/chp.truckee/posts/pfbid02Jby4EjMBPz5TUELcgCaWXnCVr1htAE77prRxKffHQUczHGqQKBpWPF3eKmdXv1m6l,0,1,"Anyone missing their plumbing? üò≥ 

The Donner Gate to eastbound I-80 on-ramp is shut down due to a big rig that lost its load of metal pipes. Please use an alternate route. 

#chptruckee #TrafficAlert"
2023-03-15 02:51:41+00:00,,False,528080102844206,https://www.facebook.com/chp.truckee/posts/pfbid02TvrZMhDTGcYiiZFeyn5TfZGFAybJQu8WMtwn1EvvhrEh4gosZuDo7LCipzz1PZCl,0,0,"‚ÄºÔ∏èUPDATE‚ÄºÔ∏è

** Roadway is now OPEN **

‚ö†Ô∏èTRAFFIC ALERT (3/14/23 7:50pm) 

It‚Äôs going to be a long night‚Ä¶ SR-89, south of Alpine Meadows, is closed due to multiple downed trees and utility lines. No estimated time of reopening, please use an alternate route."
2023-03-15 14:18:35+00:00,2023-03-15 18:35:00+00:00,True,528353902816826,https://www.facebook.com/chp.truckee/posts/pfbid0R5S5DxfcQQNdZ7QF1Lnc7WeymY9sJH3Az79ZCssj4TQQ2hhSfadrRACuPv6KHDqMl,0,1,"‚ÄºÔ∏èUPDATE‚ÄºÔ∏è (3/15/23  7:15am)

I-80 eastbound at Central Truckee remains closed. Eastbound traffic is being diverted into SR-89 south. Still no estimated time of reopening."
2023-03-18 20:01:41+00:00,,False,530248779294005,https://www.facebook.com/chp.truckee/videos/1291989021716891/,0,0,"We are thinking of the right words to say since they probably haven't sounded the way we wanted them to sound in the past, so let's try again..

A series of snow storm are coming in starting early tomorrow morning through Wednesday. EXPECT CHAIN CONTROL, EXPECT ROAD CLOSURES and EXPECT LONG DELAYS! BE PREPARED...

**For updates on road conditions visit: https://quickmap.dot.ca.gov

Caltrans District 3
US National Weather Service Sacramento California

üîä #chptruckee #herewegoagain"
2023-03-23 23:02:46+00:00,2023-03-23 23:30:00+00:00,True,533137655671784,https://www.facebook.com/chp.truckee/posts/pfbid0jHpf6NDaXJqzhSmrkogtiyDnn5jc9UZ9fknVZwLJF8hrk8HGxm1Cj2LT76RgSsHcl,1,0,"‚ÄºÔ∏è‚ÄºÔ∏è ROAD CLOSURE ‚ÄºÔ∏è‚ÄºÔ∏è (03/23/23   3:55pm) 

I-80 westbound traffic is being turned around and the Nevada state line and in Truckee due to a major traffic collision on westbound I-80, west of Blue Canyon Rd. No estimated time of reopening.

CHP - Gold Run"
2023-03-23 23:31:04+00:00,,False,533146762337540,https://www.facebook.com/chp.truckee/posts/pfbid02Z34csR2oC2s1AnYSk711jKXpYqv1JRdmE2DC7GJypKbh1zvHjaNzZW9JPDixu2Mgl,1,0,"‚ÄºÔ∏èROAD CLOSURE UPDATE‚ÄºÔ∏è I-80 westbound is now OPEN! 

(03/23/23   4:30pm)"
2023-03-26 16:38:11+00:00,,False,534550855530464,https://www.facebook.com/chp.truckee/posts/pfbid02GxxLdeNMZFivkRUDvVP21MJakrSQiM4nhmSPHuawECwg81Q6sux99kWEDt35x1Txl,1,1,"‚ö†Ô∏è‚ö†Ô∏è Chain control has been lifted on I-80 over Donner Summit ‚ö†Ô∏è‚ö†Ô∏è  (3/26/23 9:30am) 

Keep those shovels out as we are expecting a strong snow storm starting Monday afternoon through Wednesday, bringing moderare to heavy snow. Expect chain control, road closures, and long delays.. 

US National Weather Service Sacramento California 
Caltrans District 3

**For updates on road conditions visit: https://quickmap.dot.ca.gov

#chptruckee #willthiseverend #2ndwinter #chaincontrol #anyoneseenPunxsutawneyPhil"
2023-03-28 22:35:45+00:00,2023-03-28 23:55:00+00:00,True,535685488750334,https://www.facebook.com/chp.truckee/posts/pfbid06DFruRyd54vuVzMD1FN7xQYCmHCtthfcu5NG7vjJpPvdwUZGyv52L8pbgsaAXaZFl,1,1,"‚ÄºÔ∏è ROAD CLOSURE ‚ÄºÔ∏è (3/28/23  3:30pm)

I-80 westbound is closed at the Nevada State line and eastbound is closed at Colfax due to multiple spin outs. No estimated time of reopening. 

*For updates on road conditions visit: https://quickmap.dot.ca.gov"
2023-03-29 01:02:41+00:00,2023-03-29 05:45:00+00:00,True,535733148745568,https://www.facebook.com/chp.truckee/videos/597674749046484/,1,1,"‚ÄºÔ∏èTRAFFIC ALERT‚ÄºÔ∏è (3/28/23  5:55pm) 

Well that was kinda short lived üò≥ I-80 EASTBOUND is closed at Applegate due to multiple spin outs over Donner Summit. Westbound I-80 over Donner Summit remains open. 

**For updates on road conditions visit: https://quickmap.dot.ca.gov"
2023-03-29 05:48:23+00:00,,False,535824682069748,https://www.facebook.com/chp.truckee/videos/143433188666909/,1,1,"‚ö†Ô∏è‚ö†Ô∏è UPDATE ‚ö†Ô∏è‚ö†Ô∏è   (03/28/23  10:45pm) 

I-80 over Donner Summit is now open in both directions to PASSENGER vehicles only. All trucks are being turned around at Applegate and at the Nevada state line. 

‚Ä¢I-80 is R2 in both directions from Colfax to the Nevada state line. 
‚Ä¢ SR-89 is R1 from Truckee to Tahoe City. 
‚Ä¢ SR-267 is R2 from Northstar to Kings Beach. 
‚Ä¢ SR-28 is R2 from Tahoe City to Kings Beach. 

**For updates on road conditions visit: https://quickmap.dot.ca.gov"
2023-03-30 02:46:00+00:00,2023-03-30 05:35:00+00:00,True,536277448691138,https://www.facebook.com/chp.truckee/posts/pfbid0rPSCtDp9YjXDctHavF6H5sTXD3tVCaVwfjiqyJRNVgs7mKhPQTxAXV5c53RNeyyDl,1,0,"‚ö†Ô∏è‚ö†Ô∏è TRAFFIC ALERT ‚ö†Ô∏è‚ö†Ô∏è (03/29/23  7:40pm) 

Welp, that was quick‚Ä¶ I-80 westbound traffic is being turned around in Truckee and at the Nevada state line due to multiple crashes/spin outs over Donner Summit and in CHP - Gold Run‚Äôs area. No estimated time reopening."
2023-04-01 01:28:38+00:00,,False,537291451923071,https://www.facebook.com/chp.truckee/posts/pfbid02vJhb2kWz41VC2eDdYgvDGffyL7F27iHWWiLwkYbX8ZNUp6dsQaVHTPC6W2CxhTkzl,0,0,"‚ú®FLASHBACK FRIDAY ‚ú®

Wishing we had this set up üôåüòé

Another snowstorm coming in this Sunday and you guys know the routine‚Ä¶ Expect chain control, possible road closures, and expect long delays!

#chptruckee #whatyearisthischevy #chaincontrol #thewinterthatneverends #makeitstop"
2023-05-19 07:19:26+00:00,,False,563349292650620,https://www.facebook.com/chp.truckee/posts/pfbid02uuDmAQtYHrXyz7XGSBitXUvvzxxWz8mzSiQskgNfFHVAEtzmSqjaqssvyBopnEczl,0,1,"Well this might take a minute‚Ä¶

Traffic Alert:

The Hirschdale off-ramp from I-80 eastbound is closed as the tow company works to remove a big rig that sent it a bit too hard‚Ä¶

Hirschdale Road is also closed between the gas station and the freeway over pass for the recovery. 

If headed to Glenshire you will have to go through town. 

There is no estimated time of re-opening. 

#whoops #stillgonnasendit #chp #chptruckee #bigrigs #downbytheriver"
2024-01-05 16:22:10+00:00,,False,687617223557159,https://www.facebook.com/chp.truckee/posts/pfbid02TGmg73nfT6jv692UULbuVWgdRjzw1PKhCnBveqmShqcuCVaNYGAGkzLFHz6A7Tvgl,1,1,"Happy Friday!! 

Get ready for another snowstorm starting early tomorrow morning through Sunday! ‚ùÑÔ∏è If you are planning to travel on I-80 over Donner Summit, be prepared for difficult driving conditions, chain control, the possibility of road closures, and expect long delays.. 

For updates on road conditions visit: https://quickmap.dot.ca.gov  

US National Weather Service Sacramento California
Caltrans District 3"
2024-02-07 03:05:17+00:00,,False,706276991691182,https://www.facebook.com/chp.truckee/videos/1663294904484168/,1,1,"Ok, so we have a couple of things happening on I-80 over Donner Summit‚Ä¶A small fast moving storm hit the summit bringing snow and ice to the roadway causing a bit of a mess. I-80 eastbound traffic is still being held at Castle Peak due to multiple big rig spin outs on 60 mile. Chain control has been implemented on westbound I-80 at the Donner Lake Interchange.

(02/06/24  7:00pm)"
2024-02-28 23:47:08+00:00,,False,718531460465735,https://www.facebook.com/reel/381707881332499/,0,0,"Winter time ‚ùÑÔ∏è... we love it or hate it, or love it and hate at the same time‚Ä¶ 

The strongest storm of the year is coming to the Truckee/Tahoe Region beginning tomorrow and lasting into Sunday. Reports are calling for 5-10 FEET of snow with snow falling at up to 5 inches per hour at times. 

Travel over the Sierra‚Äôs is HIGHLY DISCOURAGED over the next few days as travel will be extremely dangerous with BLIZZARD conditions, whiteout conditions(100+ mph), near-zero visibility, long delays and road closures."
2024-03-02 01:09:56+00:00,2024-03-04 17:15:00+00:00,True,719613137024234,https://www.facebook.com/reel/850283367115713/,1,1,"AAANNNDD WE‚ÄôRE CLOSED!! I-80 westbound traffic is being turned at the Nevada State line and eastbound I-80 traffic is being turned around at Drum Forebay due to spin outs, high winds, and low visibility. No estimated time of reopening the freeway. 

(03/01/24 at 5:00pm)"
2024-03-02 04:20:23+00:00,2024-03-04 17:15:00+00:00,True,719681323684082,https://www.facebook.com/chp.truckee/videos/1497954160762407/,1,1,"‚ö†Ô∏è UPDATE ‚ö†Ô∏è (03/01/24 at 8:20pm)

I-80 remains closed at Drum Forebay and the Nevada State line."
2024-03-02 13:30:29+00:00,2024-03-04 17:15:00+00:00,True,719886200330261,https://www.facebook.com/chp.truckee/videos/722955856639228/,1,1,"‚ö†Ô∏è‚ö†Ô∏è UPDATE ‚ö†Ô∏è‚ö†Ô∏è
(03/02/24 at 5:30am)

I-80 westbound traffic is still being turned around at the Nevada State line and eastbound traffic is being turned around at Colfax. No estimated time of reopening the freeway.

*for updates on road conditions/closures visit: https://quickmap.dot.ca.gov"
2024-03-02 16:32:53+00:00,2024-03-04 17:15:00+00:00,True,719971860321695,https://www.facebook.com/reel/410965178195387/,1,1,"CUTRENT CONDITIONS 
(03/02/24 at 8:30am) 

I-80 remains closed at the Nevada state line and Colfax. Last night, we had a mass amount of vehicles stuck over Donner Summit and it took several hours for emergency personnel and tow trucks to reach motorists. At one point, emergency personnel and tow trucks had a difficult time getting to motorists due to blizzard conditions. Caltrans District 3 is currently evaluating the roads and we will be working on recovering vehicles left on the freeway after motorists were transported to a safe location. There is no estimated time of reopening the freeway so we suggest you stay home. Stay warm and don‚Äôt put yourself and your family in a dangerous situation."
2024-03-02 21:33:04+00:00,2024-03-04 17:15:00+00:00,True,720082276977320,https://www.facebook.com/chp.truckee/videos/1574218726676613/,1,1,"‚ö†Ô∏èI-80 remains closed at Colfax and the Nevada State line. Still no estimated time of reopening the freeway‚ö†Ô∏è

(03/02/24 at 1:35pm)"
2024-03-03 03:59:45+00:00,2024-03-04 17:15:00+00:00,True,720205380298343,https://www.facebook.com/chp.truckee/videos/1114960473170609/,1,1,"Looks like winter had a late start and finally made a comeback‚Ä¶ but we‚Äôve been here before ‚ùÑÔ∏è

I-80 eastbound is still being turned around at Colfax and westbound traffic is being turned around at the Nevada State line."
2024-03-03 14:00:55+00:00,2024-03-04 17:15:00+00:00,True,720437113608503,https://www.facebook.com/reel/1068920544186014/,1,1,"‚ö†Ô∏èI-80 remains closed at Colfax and the Nevada State line. Still no estimated time of reopening the freeway‚ö†Ô∏è

(03/03/24 at 6:00am)"
2024-03-03 19:33:51+00:00,2024-03-04 17:15:00+00:00,True,720581870260694,https://www.facebook.com/chp.truckee/videos/1336318573900220/,1,1,"‚ö†Ô∏èI-80 remains closed at Colfax and the Nevada State line. Still no estimated time of reopening the freeway‚ö†Ô∏è

(03/03/24 at 11:30am)"
2024-03-04 03:07:55+00:00,2024-03-04 17:15:00+00:00,True,720737430245138,https://www.facebook.com/chp.truckee/videos/1071873763868691/,1,1,"The blizzard warning is no longer in effect, but it‚Äôs still heavily snowing over Donner Summit with high winds at times. Still no estimated time of reopening the freeway. 

(03/03/24 at 7:05pm)

** For updates on road conditions/road closures visit: https://quickmap.dot.ca"
2024-03-04 17:17:28+00:00,,False,721069116878636,https://www.facebook.com/chp.truckee/videos/908619664079280/,1,1,"OK, HERE WE GO‚ÄºÔ∏è

(03/04/24 at 9:15am) 

I-80 is now open over Donner Summit! Westbound and eastbound traffic has been released to PASSENGER VEHICLES ONLY. Big rigs are still being held. We know  there are anxious people trying to get over the summit and get to thier destinations, but we ask that you take it SLOW as the roads are still covered in snow and are icy.  Let‚Äôs all do our part to keep the freeway open! 

‚Ä¢ R2 restrictions are in effect on I-80 in both directions from the Nevada State line to Colfax 
‚Ä¢ SR-267 is R2 from Northstar to Kings Beach. Ôøº
‚Ä¢ SR-89 is R2 from Truckee to Tahoe City.
‚Ä¢ SR-28 is R2 from Tahoe city to Kings Beach. ÔøºÔøºÔøº"
2024-03-04 21:27:37+00:00,,False,721156726869875,https://www.facebook.com/chp.truckee/posts/pfbid024ZG3x4fZbtKYFPyogXtEYDdpfA5KPzpdo2XxGsS2tTkqsJC44Vo3MXMdoBu8JF9Hl,1,1,"‚ùÑÔ∏è Chain Control Update ‚ùÑÔ∏è
(03/04/24 at 1:30pm)

‚Ä¢ I-80 is R2 in both directions from Truckee to Nyack. 
‚Ä¢ SR-89 is R2 from Truckee to Olympic Valley. 
‚Ä¢ SR-267 is R2 from Northstar‚Äôs to Kings Beach. 
‚Ä¢ SR-28 is R2 from Tahoe City to Kings Beach. 
‚Ä¢ Trucks are still being held. 

***for updates on chain control visit: https://quickmap.dot.ca.gov"
2024-03-05 04:17:06+00:00,,False,721293493522865,https://www.facebook.com/chp.truckee/posts/pfbid02gWxLkcbPbtxAfBh9zsr3WPhE4FEKdBYQbfnSResGuEXnmiBgPeN35S5H42yGWsmGl,1,1,"Felt kinda cute‚Ä¶

Might mess up I-80 eastbound later!!! 

Traffic alert:

I-80 eastbound is currently closed in Truckee do to a jackknifed big rig at Central Truckee. 

But wait there‚Äôs more:

Currently holding westbound traffic due to spun out big rigs I-80 westbound west of Donner Lake Rd.

#dejavu #norestfortheweary #niceonebruva #aintnobusinesslikesnowbusiness #i80things #chp #chptruckee #comeonman"
2024-03-23 12:30:36+00:00,2024-03-23 14:35:00+00:00,True,731221645863383,https://www.facebook.com/reel/1590925675006217/,1,1,"‚ö†Ô∏èChain Control Update: I-80 westbound traffic is currently being held in Truckee due to multiple spin outs over Donner Summit ‚ö†Ô∏è
(03/23/24 at 5:20am)

‚Ä¢ I-80 westbound is R2 from Truckee to Drum Forebay.
‚Ä¢ I-80 eastbound is R2 from Drum Forebay to Boca.

‚Ä¢ Trucks are at maximum restrictions. 

***for updates on chain control visit: https://quickmap.dot.ca.gov"
2024-04-01 13:52:27+00:00,,False,736623471989867,https://www.facebook.com/reel/7327588220627894/,1,0,I-80 westbound west of Soda Springs is closed due to a crash.  There is currently no estimated time of opening while we work w Csltrans to clean it up.  A big rig struck the rear of a CalTrans sander resulting in cab of the big rig being completely ejected from the truck.  The drivers of both vehicles walked away with only very minor injuries.  WESTBOUND 80 TRAFFIC IS CURRENTLY BEING TURNED AT STATELINE AND DONNER GATE IN TRUCKEE.
2024-05-04 21:31:29+00:00,2024-05-05 02:00:00+00:00,True,756080360044178,https://www.facebook.com/chp.truckee/videos/2169696800043529/,1,1,"This is why we can‚Äôt have nice things..

(05/04/24 at 2:25pm)

I-80 eastbound traffic is being turned around at Baxter and I-80 westbound traffic is being turned around in Truckee due to multiple spin outs and collisions over Donner Summit. No ETO‚Ä¶

**for updates on road conditions/closures visit the Caltrans Quickmap App."
2024-05-05 02:18:45+00:00,,False,756177220034492,https://www.facebook.com/reel/418817791095332/,1,1,"‚ùÑÔ∏è UPDATE ‚ùÑÔ∏è (5/04/24 at 7:00pm)

I-80 eastbound traffic has been released over Donner Summit with R2 restrictions however, I-80 westbound traffic is still being turned around in Truckee. 

** for updates on road conditions visit the Caltrans Quickmap App."
2024-05-05 05:34:59+00:00,2024-05-05 12:15:00+00:00,True,756260743359473,https://www.facebook.com/chp.truckee/videos/1099948407968840/,1,1,"Current Conditions: 

(05/04/24 at 10:30pm)

I-80 westbound traffic is still being held in Truckee and at the Nevada State line‚Ä¶. No ETO. I-80 eastbound is R2 from Alta to the Nevada State line and trucks are at maximum restrictions. Caltrans is working hard to clear the roadway and things are still a bit messy out there."
2024-05-05 14:10:42+00:00,,False,756481866670694,https://www.facebook.com/reel/957683319371189/,1,1,"Definitely not a good way to melt the snow üò≥ üî•

I-80 eastbound traffic is temporarily being held at Castle Peak until personnel clear this big rig fire. Luckily, no one was injured from this fire.

CHAIN CONTROL UPDATE: 

(05/05/24 at 7:10am )

‚Ä¢ I-80 is R2 in both directions from the Nevada State line to Drum Forebay.
‚Ä¢ Trucks are at maximum restrictions. 

** for updates on road conditions visit the Caltrans QuickMap App. Ôøº"
2024-11-11 21:38:26+00:00,,False,878652597786953,https://www.facebook.com/chp.truckee/posts/pfbid0w3cywd2aLK6JncU1N5yYWx3CUWznPgQsEvK4YRgjQc4FW6cjyUqb4dqubEoRfwBLl,1,1,"üö®TRAFFIC ALERT üö® 
(11/11/24 at 1:30pm) 

I-80 is currently closed in both directions from Drum Forebay to the Donner Lake Interchange due to multiple spinouts over Donner Summit. No estimated time of reopening."
2024-12-03 19:36:36+00:00,,False,893356699649876,https://www.facebook.com/chp.truckee/posts/pfbid034U1vfsu7mQAEQ2HfUwE2iYSHVmuZSdNbcGBcG2Y5kwAVf787KRvh9nao8Dc3r3nkl,0,1,"üé∂ Cleanup in the fast lane! üé∂

The #1 lane on eastbound I-80, at Donner Gate, is closed due to an overturned big rig. Luckily, the driver escaped with only minor injuries. Crews are working hard to clear the scene, and the lane will reopen as soon as it‚Äôs safe.  Slow down, be alert, and watch for personnel in the area! 

#CHPTruckee #TrafficUpdate #SlowDown #YouCantParkThere"
2024-12-11 16:38:27+00:00,,False,898774625774750,https://www.facebook.com/chp.truckee/posts/pfbid023RdCtG51ed47upsmqM5E9JxN2k9SQ8X2AGLghhn3EYwg7MrbqJhtjyNbmzEdUmD8l,1,1,"üå≤‚ùÑÔ∏è Calm Before the Storm ‚ùÑÔ∏èüå≤

Ahh, Truckee serenity: crisp air, a peaceful lake, and clear skies. But don‚Äôt let this peaceful scene fool you ‚Äì this is the ‚Äúcalm before the storm‚Äù and we‚Äôre about to swap tranquility for winter driving conditions and chain control! We are expecting a winter storm starting tonight through the weekend, so if you‚Äôre planning to travel through Donner Summit tonight, now‚Äôs the time to prepare!

‚ùÑÔ∏èWinter Survival Checklist:

‚úÖ Tires ‚Äì Check ‚Äòem. Chains ‚Äì Bring ‚Äòem, because ‚ÄúI‚Äôll be fine‚Äù is not a real strategy.
‚úÖ Supplies ‚Äì Pack extra snacks, water, and warm clothes. Think less ‚Äúcasual road trip‚Äù and more ‚Äúwinter camping with wheels.‚Äù
‚úÖ Full Tank of Gas ‚Äì Because your car can‚Äôt run on hope.
‚úÖ Time ‚Äì Add some. Plan extra travel time, expect delays, check the weather periodically, and don‚Äôt be the reason the traffic reports says, ‚ÄúFreeway closed, major delays.‚Äù

Our officers will be out ensuring safety, but a little preparation goes a long way. Drive safe, be smart, and respect the storm! üå®Ô∏èüöì

#CHPTruckee #CalmBeforeTheStorm #WinterIsComing #ChainControl #DriveSafe #SnowLaughingMatter"
2024-12-14 15:14:21+00:00,,False,900733468912199,https://www.facebook.com/chp.truckee/videos/400872096354454/,1,1,"‚ùÑÔ∏è CHAIN CONTROL UPDATE‚ùÑÔ∏è
(12/14/24 at 7:15am) 

‚Ä¢ I-80 eastbound and westbound are both R2 from Baxter to the Nevada State line. 
‚Ä¢ SR-267 is R2 from Northstar to Kings Beach.
‚Ä¢ SR-89 is R2 from Truckee to Tahoe City. 
‚Ä¢ SR-28 is R2 from Tahoe City to Kings Beach. 
** Trucks are at maximum restrictions. All trucks pulling doubles are being turned around at Applegate and the Nevada State line. 

‚ùÑÔ∏èfor updates on road conditions visit the Caltrans Quickmap app."
2024-12-15 02:16:39+00:00,,False,901031802215699,https://www.facebook.com/reel/551010647914114/,0,1,"üö® TRAFFIC ALERT üö®
(12/14/24 at 6:15pm) 

Eastbound I-80 traffic is currently being held at Nyack due to multiple spin-outs over Donner Summit.  No estimated time of reopening."
2024-12-24 03:08:59+00:00,,False,907380508247495,https://www.facebook.com/chp.truckee/posts/pfbid02AQMhZM7nBwYMHyTF3L5vdVLdzrdNHUUT3UxDiLU52SesZa4SKB2XHjFT5UBF4XGGl,0,0,"üéÑüöî G√ºnter‚Äôs Christmas Movie Marathon is in full swing! He‚Äôs all bundled up with cocoa, watching his favorite holiday classics‚Äîbut he needs YOUR help to settle the debate: What‚Äôs the greatest Christmas movie of all time? üé• But it looks like he already chose his favorite..üèÜ

And before you even think about saying Die Hard (#11) isn‚Äôt a Christmas movie, just know‚Ä¶ you‚Äôre wrong. Seriously. Snow? Christmas music? A man saving the day while barefoot? It checks ALL the holiday boxes. üí•üéÖ Case closed, folks.

Vote below by dropping the number of your favorite movie! But if it's not #11, G√ºnter might put you on his naughty listüòâ

#CHPTruckee #HappyHolidays #GuntersHolidayHotTakes #TheGrinchApproves(#9) #BuddyWouldVoteForDieHard(#8) #ElfApproved"
2025-01-03 22:52:40+00:00,2025-01-04 00:35:00+00:00,True,914729994179213,https://www.facebook.com/chp.truckee/videos/902257668750259/,1,1,"üö® Traffic Update üö®

(01/03/25 at 2:50pm)

CHP crews, Caltrans, and tow operators are working tirelessly to clear multiple traffic collisions over Donner Summit. üå®Ô∏è With safety as our top priority, I-80 westbound remains closed at Truckee and eastbound at Baxter. 

We‚Äôre doing everything we can to get traffic moving again‚Äîthank you for your cooperation and patience! 

#CHPTruckee #DonnerSummit #DriveSafe #WinterDriving"
2025-02-14 15:57:57+00:00,,False,943407231311489,https://www.facebook.com/chp.truckee/videos/1393408558759537/,1,1,"üöî‚ùÑÔ∏è Time to Get Down to Business ‚ùÑÔ∏èüöî

It‚Äôs Friday, the start of a three-day weekend, and the snow is still coming down over Donner Summit. You already know what that means.. Plan ahead, slow down, increase your following distance, and pack your patience!

üîó CHAIN CONTROL (02/14/25 at 8:00am)
‚Ä¢ I-80 is R2 in both directions from the Nevada state line to Drum Forebay. 
‚Ä¢ SR-267 is R2 from Truckee to Kings Beach. 
‚Ä¢ SR-89 is R2 from Truckee to Tahoe city. 
‚Ä¢ SR-28 is R2 from Tahoe city to Kings Beach.
‚Ä¢ Big rigs are still being held at the Nevada state line and Applegate. 

#LetsGetDownToBusiness #CHPTruckee #ThreeDayWeekendMadness #DonnerSummitSnow #SlowYourRoll"
2025-02-14 20:39:38+00:00,,False,943549584630587,https://www.facebook.com/chp.truckee/videos/626049936785212/,1,1,"üö® Chain Control Update üö®
(02/14/25 at 12:40pm) 

Chain control has moved up but is still in effect over Donner Summit. Expect heavy traffic in the area, so pack your patience and drive carefully. Remember, slow and steady gets you there safely.

‚Ä¢ I-80 eastbound is R2 from Nyack to Truckee.
‚Ä¢ I-80 westbound is R2 from Truckee to Drum Forebay. ÔøºÔøº
‚Ä¢ Trucks are at maximum restrictions. Single drive axle tractor-semitrailers towing double trailers are being held. 

** For updates on road conditions visit the Caltrans QuickMap app.Ôøº"
2025-03-11 21:56:56+00:00,,False,962890496029829,https://www.facebook.com/chp.truckee/posts/pfbid0MDfJRTaJLKUSprej5fau977wPeDPPRoffyPBWAkfSFJqxFXQGRURs2Fq7kapPfnel,0,0,"üö® Winter Storm Alert üö®

A Winter Storm Warning is in effect through Thursday evening, bringing heavy snow, gusty winds, and hazardous travel conditions over Donner Pass. Snow levels could drop as low as 1500-2500 feet by Friday, with major delays, chain controls, and possible road closures expected.

If you must travel over Donner Pass:

‚úîÔ∏è Check road conditions before heading out: quickmap.dot.ca.gov
‚úîÔ∏è Carry chains and know how to install them
‚úîÔ∏è Fuel up and pack emergency supplies (food, water, blankets)
‚úîÔ∏è Drive slowly and increase following distance
‚úîÔ∏è Be patient‚Äîexpect delays

@caltransdist3 
@nwssacramento 

#CHPTruckee #WinterStorm #DonnerPass #BePrepared #ChainControl"
2025-03-15 02:03:03+00:00,,False,965217519130460,https://www.facebook.com/chp.truckee/videos/1157939495774018/,0,0,"üé∂ You gotta make your own kind of music‚Ä¶ üé∂ Just maybe not on Donner Summit in a snow storm‚Ä¶ 

We all know that one driver.. ‚ÄúIt‚Äôs OK, we have four-wheel drive!‚Äù blasting through the snow like they‚Äôre starring in an action movie. The result? Spin-outs, road closures, and a sudden realization that 4x4/AWD doesn‚Äôt make you invincible.

üöß Traffic has been held on and off all day due to multiple crashes and low visibility over Donner Summit.

#CHPTruckee #DonnerSummit #WinterDriving #MakeYourOwnMusicWisely"
2025-03-17 00:28:12+00:00,,False,966696468982565,https://www.facebook.com/chp.truckee/videos/1574260629955977/,0,0,"Look at this photograph‚Ä¶ It should make you prepare for snow! ‚ùÑÔ∏è

A storm is rolling in tonight through tomorrow, bringing snow-covered roads, chain controls, and possible closures. If you‚Äôre traveling, plan ahead, check conditions, and be ready for winter driving.

US National Weather Service Sacramento California
(03/16/25 at 5:30pm) 

#LookAtThisPhotograph #CHPTruckee #NowPrepareForSnow #WinterIsStillHere #DriveSafe"
2025-03-17 22:41:48+00:00,,False,967374082248137,https://www.facebook.com/chp.truckee/videos/1364618611344676/,1,1,"‚ÄºÔ∏è Spoke too soon! Chain controls are back on I-80 over Donner Summit!! Westbound traffic is being held at the Nevada state line and in Truckee due to multiple spin outs over Donner Summit ‚ÄºÔ∏èÔøº

‚Ä¢ I-80 westbound is R2 from Truckee to  Rainbow. 
‚Ä¢ ÔøºI-80 eastbound  is R2 from Baxter to Truckee. 
‚Ä¢ Trucks are at maximum restrictions. 

** For updates on road conditions visit the Caltrans quick map app. ÔøºÔøº (03/17/25 at 3:40pm)"
2025-03-31 20:16:07+00:00,,False,978560377796174,https://www.facebook.com/chp.truckee/videos/1325097065389655/,0,0,"üé∂ Just another Manic Monday‚Ä¶
Wish it was Sundayüé∂ ‚Ä¶.but Sunday was almost just as bad, so there really wasn‚Äôt a ‚Äúfun day‚Äù to begin with. 

We‚Äôve had multiple spinouts over Donner Summit today mostly because folks are driving way too fast for conditions! Big rigs are currently being held at the Nevada State Line, and chain control is still in effect over Donner Summit. 

Stay safe, slow down, leave space, and please don‚Äôt test the laws of physics! 

(03/31/25 at 1:15 pm) 

#CHPTruckee #ManicMonday #ChainControl #SlowTheFastDown #DonnerDrama #SnowExcuse #SkidHappens"
2025-04-01 16:55:51+00:00,2025-04-01 22:10:00+00:00,True,979246297727582,https://www.facebook.com/chp.truckee/videos/1782096245694565/,1,1,"‚ùÑÔ∏è CURRENT CONDITIONS (04/01/25 at 9:55am) ‚ùÑÔ∏è

‚Ä¢ I-80 eastbound is R2 from Alta to the Nevada State line.
‚Ä¢ I-80 westbound is R2 from the Nevada State line to Colfax.Ôøº
‚Ä¢ Trucks are at maximum restrictions. Ôøº

‚ö†Ô∏è I -80 eastbound traffic is being held at Alta due to multiple spins over Donner Summit. No ETO. 
‚Ä¢ for updates on road conditions visit the Caltrans QuicMapp app. 
Ôøº"
2025-04-01 19:39:24+00:00,2025-04-01 22:10:00+00:00,True,979334841052061,https://www.facebook.com/chp.truckee/videos/993603286294914/,0,0,"‚ùÑÔ∏è STILL SPINNIN‚Äô

We‚Äôre still dealing with multiple spinouts and stuck big rigs over Donner Summit. Conditions remain extremely slick, and this is going to take some time.

Traffic is being held while Caltrans District 3, our officers, and local tow companies work hard to get the roadway cleared and everyone moving safely again.

If you‚Äôre not already up here, delay your travel. If you are here, please be patient and give our crews space to work.

(04/01/25 at 12:35pm)

#CHPTruckee #DonnerSummit #SpinoutSeason #Caltrans #ChainControl #WinterDriving #MountainMadness"
2025-04-01 22:14:04+00:00,,False,979407224378156,https://www.facebook.com/chp.truckee/videos/522505144258771/,1,1,"**** UPDATE: eastbound is open wth R2 restrictions **** 

‚ùÑÔ∏è Well‚Ä¶ that was short-lived! ‚ùÑÔ∏è

Westbound I-80 is CLOSED over Donner Summit due to multiple spinouts. Traffic is being turned around in Truckee and at the Nevada state line.

No estimated time for reopening.. Mother Nature said, ‚ÄúNot today!‚Äù

(04/01/25 at 3:10pm)"
2025-04-26 20:51:00+00:00,2025-04-26 22:50:00+00:00,True,998705139115031,https://www.facebook.com/chp.truckee/videos/3955715958036132/,1,0,"‚ÄºÔ∏èTRAFFIC ALERT ‚ÄºÔ∏è (04/26/25 at 1:50pm) 

Westbound I-80 traffic is currently being turned around in Truckee due to a major injury, multiple-vehicle collision westbound I-80 at Eagle Lakes Road. 

CHP - Gold Run

There is no estimated time of reopening at this time."
2025-04-27 02:03:26+00:00,,False,998847845767427,https://www.facebook.com/chp.truckee/posts/pfbid0b8cdQCx7tuBHfKDyZvB29uAZT3Hw9u4aT186nxAAhLhcM7pKXZz3881KPWSnfqoyl,1,0,"**** UPDATE: I-80 westbound traffic has been released ****

TRAFFIC ALERT (04/26/25 7:00pm) 

Westbound I-80 traffic is being turned around once again in Truckee due to a traffic collision at Eagle Lakes.
There is currently no estimated time of reopening. Please plan accordingly and expect delays. 

We‚Äôll update as soon as more information becomes available.

CHP - Gold Run"
2025-05-13 00:22:07+00:00,,False,1010233174628894,https://www.facebook.com/chp.truckee/posts/pfbid02tYv8Fs72p8HeYRPWcdBj5K5yWaqCrYcEnMYdHYXTbFHyKA2ygGdMq9NnMUG1odpZl,1,0,"üö® ‚ÄºÔ∏èTraffic Alert ‚ÄºÔ∏è üö® (05/12/25 at 5:20pm) 

Westbound I-80 traffic is currently being held in Truckee due to a solo big rig crash near Kingvale. Thankfully, only minor injuries were reported. 

Roads are slick out there, please slow down! Our officers, Caltrans, and tow crews are working hard to get things cleared safely."
2025-10-05 00:51:35+00:00,,False,1124463279872549,https://www.facebook.com/reel/1857095928222308/,1,1,"We get it‚Ä¶ everyone wants front row seats to Donner Summit and chain control season. But hey, it‚Äôs still fall! üçÇ

Let‚Äôs keep the shoulders clear and the highways clean. Don‚Äôt leave your trash behind‚Ä¶ it‚Äôs a freeway, not a flea market.

#CHPTruckee #ChairControl 
#FrontRowSeatToChainControl
#NotAFleaMarket
#TakeItHome
#FreewayFleaMarketClosed
#ShoulderSeasonProblems"
2025-11-16 16:26:51+00:00,2025-11-16 20:38:00+00:00,True,1161592522826291,https://www.facebook.com/chp.truckee/posts/pfbid026Bj85NWce4AFqUkq2trrJBrHdCvtJP4mf5q7eEiid1izP7QPfxzdFqBhfYuzFvuel,1,0,"üö® TRAFFIC ALERT ‚Äì WESTBOUND I-80 CLOSURE üö® (11/16/25 at 8:25am) 

Westbound I-80 at the Nevada State Line is currently SHUT DOWN for the recovery of a solo fatal big rig collision that occurred early this morning.

We‚Äôll keep you updated as soon as lanes reopen. Please plan ahead and expect delays."
2025-11-16 19:31:54+00:00,2025-11-16 20:38:00+00:00,True,1161690729483137,https://www.facebook.com/reel/799261452925851/,1,0,"‚õìÔ∏è  UPDATE/TRAFFIC ALERT ‚õìÔ∏è

Chain control remains in effect over Donner Summit. Please slow down and give yourself extra time.

Westbound I-80 remains CLOSED at the Nevada State Line for a recovery operation near Hirschdale following this morning‚Äôs collisions. 

*** for updates on road conditions visit the Caltrans Quickmap app. 

(11/16/25 at 11:30am)"
2025-11-16 20:39:29+00:00,,False,1161720736146803,https://www.facebook.com/chp.truckee/posts/pfbid02kkJ5LHQaeFtRHYThiEqxdYciKSSVWm9BUz48JtK8qpp2qFGT2ZitJGEBSea3MWFl,1,0,"***** ALL WESTBOUND LANES NOW OPEN ******

üö® TRAFFIC UPDATE ‚Äì WESTBOUND I-80 üö® (11/16/25 at 12:38pm) 

Westbound traffic at the Nevada State Line has been released. However, the #2 lane remains CLOSED for crews still working on scene.

Please slow down, watch for personnel in the area, and use caution as you pass through. We‚Äôll update you when all lanes reopen."
2025-11-20 16:00:35+00:00,2025-11-20 17:08:00+00:00,True,1164581252527418,https://www.facebook.com/chp.truckee/posts/pfbid09CTt2rzBTpRqYyAiHxXmzeG2hazkmdq8372uZ1pPwYn1W6332RoczEHK2S9MThqwl,0,1,"üö® TRAFFIC ALERT ‚Äì EASTBOUND I-80 üö® (11/20/25 at 8:00am) 

Eastbound I-80 is closed just east of the Donner Summit Rest Area due to a crash involving a big rig. All eastbound traffic is currently being turned around at Castle Peak.

Roadway conditions are slick and chain controls remain in effect. Please reduce your speed, increase following distance, and use caution when traveling in winter weather. We will keep you updated."
2025-12-24 22:23:45+00:00,,False,1190150486637161,https://www.facebook.com/reel/870440118803634/,1,1,"All trucks are being turned at Stateline on I-80 eastbound and Applegate on I-80 westbound.  Until the storm lets up a little bit cars are being allowed to brave the summit intermittently as Caltrans attempts to keep the road clear.  Plan for an extended hold for trucks and longer travel times for all other vehicles.  If you are driving through the mountains be prepared.  Have extra clothing, full tank of gas, good wiper blades and mud and snow rated tires and chains or 4wd. 

Drive safe.  #Brother #truckeepd #boreal  #palisadestahoe #northstar_california #sugarbowlresort #snowmageddon #happyholidays #californiatruckingassociation  #winterwonderland #nevadastatepolice"
2025-12-25 02:10:07+00:00,2025-12-26 04:45:00+00:00,True,1190247433294133,https://www.facebook.com/reel/819220181083306/,1,1,"Traffic and snowfall are heavy over Donner Summit. I-80 eastbound and westbound has been held on and off throughout the night due to multiple spin-outs and traffic collisions. Tow trucks are actively working to reach dozens of stranded motorists in extremely difficult conditions. We will get to you.

Heavy holiday traffic was expected. Please be patient, plan for delays, and ensure you‚Äôre prepared for winter driving. We all need to do our part.. slow down and drive safely so we can keep the freeway open. Our priority is your safety and getting you to your destination safely this holiday.

(12/24/25 at 6:10pm)"
2025-12-26 03:19:43+00:00,2025-12-26 04:45:00+00:00,True,1191018729883670,https://www.facebook.com/reel/1195075102108300/,1,0,"***** ‚ö†Ô∏è UPDATE: I-80 westbound traffic is now being released over Donner Summit (12/25/25 at 8:45pm) ‚ö†Ô∏è

üöß TRAFFIC ALERT (12/25/25 at 7:20pm)  üöß

Westbound I-80 traffic is currently being turned around at Truckee due to multiple spin-outs and jackknifed big rigs over Donner Summit.

At this time, there is no estimated time of reopening.

** for updates on road conditions visit the Caltrans QuickMap app Ôøº"
2025-12-26 03:48:01+00:00,2025-12-26 04:28:12+00:00,True,1191031293215747,https://www.facebook.com/reel/2718136355192010/,0,1,"And just like that‚Ä¶. eastbound traffic is now being held at Castle Peak due to a 10+ vehicle pileup over Donner Summit.

No ETA at this time as it‚Äôs going to take some time to clean up the scene. 

(12/25/25 at 7:47pm) 

** for updates on road conditions visited the Caltrans QuickMap app."
2026-01-04 20:46:49+00:00,2026-01-05 05:14:05+00:00,True,1198020505850159,https://www.facebook.com/reel/2231087177414021/,1,1,"üö® Chain control is still up on  I-80 over Donner Summit. Traffic has been held on and off all day due to multiple spin-outs over the summit. Expect delays if you‚Äôre traveling through the area today! Traffic remains heavy and snow is still falling.

**Update: Traffic has been released on SR-267 over Brockway Summit.
** For updates on road conditions visit the Caltrans Quickmap app.

(01/04/26 at 12:45pm)"
2026-01-04 22:57:02+00:00,2026-01-05 05:14:05+00:00,True,1198069315845278,https://www.facebook.com/reel/1387003749472559/,1,0,"üö® Traffic Advisory üö®

Westbound I-80 traffic is being turned around at the Nevada Stateline and in Truckee due to multiple spin-outs over Donner Summit. No estimated time of re-opening at this time.

*** for updates on road conditions visit the Caltrans Quickmap app. 

(01/04/26 at 2:56pm)"
2026-02-16 19:37:37+00:00,2026-02-16 22:30:00+00:00,True,1232783239040552,https://www.facebook.com/reel/1392299572107239/,1,1,"üö® TRAFFIC ALERT (02/16/26 at 11:38am) üö®

I-80 is closed in both directions over Donner Summit due to hazardous weather, spin-outs, and crashes.

No ETO at this time as Caltrans and CHP are working to clear the roadway. Please avoid the area and seek alternate routes.

#CHPTruckee #I80 #DonnerSummit #TrafficAlert"
2026-02-17 15:39:48+00:00,2026-02-18 18:35:00+00:00,True,1233473365638206,https://www.facebook.com/chp.truckee/posts/pfbid0ZAANnaMD8EwrQH7rQXvFfq28meGV6LD5d7oHfuKy6Ndy7Wcn5eduW9vAx9U5KCr4l,1,1,"February 17, 2026 7:30 AM I 80 is closed in both directions for Big Rigs and to all traffic westbound at stateline due to spin out heavy snow and zero visibility.       80 at Alta eastbound.  80 @ Stateline westbound.     
This is the reason we live here‚Ä¶..Is it because we want to or because we can‚Äôt leave????"
2026-02-17 19:04:35+00:00,2026-02-18 18:35:00+00:00,True,1233600775625465,https://www.facebook.com/reel/24559505173748147/,1,1,"Should I stay or should I go? You should probably stay‚Ä¶ üòÖ

I-80 over Donner Summit is CLOSED in both directions due to whiteout conditions and poor visibility. Travel is unsafe at this time.

Sit this one out.
We promise the mountain will still be here tomorrow.

(02/17/26 at 11:05am) 

#CHPTruckee #DonnerSummit #Whiteout #SitThisOneOut"
2026-02-17 20:05:04+00:00,2026-02-18 18:35:00+00:00,True,1233633458955530,https://www.facebook.com/reel/1406925877563500/,1,1,"If you‚Äôre wondering why the freeway is closed.. this is why. Donner Summit is not in the mood today. 

High winds are creating full whiteout conditions across the summit. Snow is blowing right back onto the roadway, and visibility is near zero.

This isn‚Äôt inconvenient weather.
This is unsafe travel. If you don‚Äôt absolutely need to be out, don‚Äôt be.
Donner doesn‚Äôt care about your schedule. We‚Äôll reopen when it‚Äôs safe, not before.

(02/17/26 at 12:05pm) 
#CHPTruckee #DonnerSummit #Whiteout #RoadClosed"
2026-02-18 03:04:27+00:00,2026-02-18 18:35:00+00:00,True,1233861958932680,https://www.facebook.com/reel/2102090273890907/,1,1,"It‚Äôs electric ‚ö°Ô∏è
‚Ä¶.until it‚Äôs not.

Freezing temps and whiteout conditions are undefeated up here. Cold weather drains batteries faster than you think. If you‚Äôre rolling over the Summit, make sure your charge level matches your confidence level.

‚ö†Ô∏è I- 80 remains closed in both directions over Donner Summit due to severe weather and dangerous driving conditions.

Charge up. Slow down. Carry chains.
And don‚Äôt test Mother Nature. 

(02/17/26 at 7:05pm) 

#CHPTruckee #ItsElectric #DonnerSummit #MakeGoodDecisions"
2026-02-18 14:15:53+00:00,2026-02-18 18:35:00+00:00,True,1234273765558166,https://www.facebook.com/reel/2052554422315325/,1,1,"üö® I-80 UPDATE (02/18/26 at 6:15am)  üö®

I-80 in both directions over Donner Summit remains CLOSED due to snow conditions. No ETO.

Check road conditions before traveling and plan accordingly.

*** For updates on road conditions visit the Caltrans Quickmap app."
2026-02-19 00:27:05+00:00,2026-02-20 08:10:00+00:00,True,1234629368855939,https://www.facebook.com/reel/1114518924096005/,0,1,"****UPDATE: I-80 eastbound traffic has been released over Donner Summit****

üö® Traffic Alert  üö®

Eastbound I-80 over Donner Summit is currently being held due to multiple spin-outs and unsafe driving conditions. Crews are working to clear incidents as quickly as possible.

‚ùÑÔ∏è Chain Control (02/18/26 at 4:25pm) ‚ùÑÔ∏è

‚Ä¢ I-80 over Donner Summit is R-2 in both directions. 
‚Ä¢ SR-267 is R-2 from Truckee to Kings Beach. 
‚Ä¢ Trucks are at maximum restrictions. 

*** for update on road conditions visit the Caltrans QuickMap app. Ôøº"
2026-02-19 15:04:09+00:00,2026-02-20 08:10:00+00:00,True,1235137365471806,https://www.facebook.com/reel/1427559615418027/,1,0,"‚ö†Ô∏è Traffic Alert (02/19/26 at 7:00am) ‚ö†Ô∏è

Westbound I-80 is currently closed at the Nevada State Line due to snow conditions and spin outs over Donner Summit.

No ETO. Avoid travel and expect delays.

*** For updates on road conditions visit the Caltrans Quickmap app."
2026-02-19 18:27:26+00:00,2026-02-20 08:10:00+00:00,True,1235275935457949,https://www.facebook.com/reel/1966517553962411/,1,1,"‚ö†Ô∏è Chain Control Update (02/19/26 at 10:25am) 

I-80 is closed in both directions over Donner Summit due to multiple spin outs, low visibility, and hazardous driving conditions.

No ETO at this time. Please avoid the area and delay travel if possible.

***for updates visit the Caltrans Quickmap app."
